projection_id,projection_entity_id,x,y
PROJ_DG761_20260723_213011_KST_4665FDF3E5CF,PE_00801BEDF4A255BA7B33F53F,0.7672423,0.1558852
PROJ_DG761_20260723_213011_KST_4665FDF3E5CF,PE_00F234937E28BF44BE6A7FAA,0.13200873,0.76014245
PROJ_DG761_20260723_213011_KST_4665FDF3E5CF,PE_00F25AAE48F26CF8A3D6FDC3,0.30955267,0.32923213
PROJ_DG761_20260723_213011_KST_4665FDF3E5CF,PE_00F671FF017D13F56132EF45,0.6057246,0.3588687
PROJ_DG761_20260723_213011_KST_4665FDF3E5CF,PE_01143090221983D72023BF68,0.1565278,0.70674795
PROJ_DG761_20260723_213011_KST_4665FDF3E5CF,PE_0220E583693894D6D861BA71,0.7045317,0.99094045
PROJ_DG761_20260723_213011_KST_4665FDF3E5CF,PE_0249272693BB9DF54D99D7B8,0.44846734,0.5176593
PROJ_DG761_20260723_213011_KST_4665FDF3E5CF,PE_0291744E39211EA7F33ABCFA,0.215101,0.7272221
PROJ_DG761_20260723_213011_KST_4665FDF3E5CF,PE_029E83BDFED57D9E2A092B33,0.08847837,0.66223866
PROJ_DG761_20260723_213011_KST_4665FDF3E5CF,PE_02B81F28D6293317EFECE0F7,0.54074955,0.54391503
PROJ_DG761_20260723_213011_KST_4665FDF3E5CF,PE_02C02B3FE103DD5D72A92AC1,0.2907771,0.6237788
PROJ_DG761_20260723_213011_KST_4665FDF3E5CF,PE_02C23AED2FC7580C8505B2D8,0.21699443,0.6077191
PROJ_DG761_20260723_213011_KST_4665FDF3E5CF,PE_02C9E421F60CC17C9A8D7044,0.16108222,0.7113679
PROJ_DG761_20260723_213011_KST_4665FDF3E5CF,PE_03073892D68578E700AE2711,0.14587416,0.5599055
PROJ_DG761_20260723_213011_KST_4665FDF3E5CF,PE_03AACD662C0B641CEF5739B2,0.23155391,0.661518
PROJ_DG761_20260723_213011_KST_4665FDF3E5CF,PE_03F303363DC65E0686248A8B,0.773424,0.16010979
PROJ_DG761_20260723_213011_KST_4665FDF3E5CF,PE_042624930908359AC731B661,0.5415304,0.17475523
PROJ_DG761_20260723_213011_KST_4665FDF3E5CF,PE_04A2CBEFD0503E7DD6CA4095,0.0638601,0.8397061
PROJ_DG761_20260723_213011_KST_4665FDF3E5CF,PE_04D360C323AB2FE13B69E6DB,0.37683865,0.5636675
PROJ_DG761_20260723_213011_KST_4665FDF3E5CF,PE_04F62C97F283BA9F3A51088E,0.236954,0.61282396
PROJ_DG761_20260723_213011_KST_4665FDF3E5CF,PE_050D4DC38E7F9564A5572153,0.19340627,0.58439726
PROJ_DG761_20260723_213011_KST_4665FDF3E5CF,PE_05A5ABB6954B577AB322BF0A,0.36332738,0.0027427564
PROJ_DG761_20260723_213011_KST_4665FDF3E5CF,PE_05F016351C154B66FDC5214D,0.3400022,0.56612253
PROJ_DG761_20260723_213011_KST_4665FDF3E5CF,PE_05F73BBCAB5A741A4C2B33FE,0.37157178,0.64340246
PROJ_DG761_20260723_213011_KST_4665FDF3E5CF,PE_060BC13A4209220685EACDA8,0.17736532,0.7351477
PROJ_DG761_20260723_213011_KST_4665FDF3E5CF,PE_06748C05A30A368EE511A991,0.7736466,0.1609124
PROJ_DG761_20260723_213011_KST_4665FDF3E5CF,PE_06763E1D6C4814B064B85DBF,0.37036604,0.6422997
PROJ_DG761_20260723_213011_KST_4665FDF3E5CF,PE_068F5CAA242EF67721AD2DBF,0.07415816,0.5955639
PROJ_DG761_20260723_213011_KST_4665FDF3E5CF,PE_06E1C062F8411A5433DAF6EC,0.3744886,0.3350876
PROJ_DG761_20260723_213011_KST_4665FDF3E5CF,PE_071FD7147FB41629533997FB,0.014350227,0.6865884
PROJ_DG761_20260723_213011_KST_4665FDF3E5CF,PE_074E3ED35CD9D9832324FCB9,0.06185716,0.83746207
PROJ_DG761_20260723_213011_KST_4665FDF3E5CF,PE_084FB0628B9D923AC7E2AF7D,0.17975253,0.6210308
PROJ_DG761_20260723_213011_KST_4665FDF3E5CF,PE_0897C676FC8679F999FC587E,0.0,0.5756108
PROJ_DG761_20260723_213011_KST_4665FDF3E5CF,PE_093C233A41E222A785F3F499,0.041759845,0.7420936
PROJ_DG761_20260723_213011_KST_4665FDF3E5CF,PE_095FAA2B1D4F84D89A772985,0.13357337,0.57870847
PROJ_DG761_20260723_213011_KST_4665FDF3E5CF,PE_096CE6D7F7808B67EC7B4FE1,0.60785586,0.4091978
PROJ_DG761_20260723_213011_KST_4665FDF3E5CF,PE_09C7ACC3FF88D605CC1BDCE4,0.76673126,0.41130537
PROJ_DG761_20260723_213011_KST_4665FDF3E5CF,PE_09C8CEF6AEB4A62271C13010,0.080906495,0.6799336
PROJ_DG761_20260723_213011_KST_4665FDF3E5CF,PE_0A37FE6C6AC4FC40D0E2DF40,0.9890126,0.47788432
PROJ_DG761_20260723_213011_KST_4665FDF3E5CF,PE_0AFF90BE1EEDA41C31556156,0.93669003,0.8119661
PROJ_DG761_20260723_213011_KST_4665FDF3E5CF,PE_0B128C59C891BBE59EC096DC,0.95467705,0.8267962
PROJ_DG761_20260723_213011_KST_4665FDF3E5CF,PE_0B9BE684805324971CD0135A,0.44618115,0.5176629
PROJ_DG761_20260723_213011_KST_4665FDF3E5CF,PE_0BB3C44E991172EA605F0409,0.60956705,0.36615378
PROJ_DG761_20260723_213011_KST_4665FDF3E5CF,PE_0BDF92BA7AB4BD7F50B1C3ED,0.71934414,0.18684433
PROJ_DG761_20260723_213011_KST_4665FDF3E5CF,PE_0C2D0A36660E7A40D3CFB670,0.20239207,0.551775
PROJ_DG761_20260723_213011_KST_4665FDF3E5CF,PE_0C4662384B43CD3ACEBAA04F,0.94669807,0.8191326
PROJ_DG761_20260723_213011_KST_4665FDF3E5CF,PE_0C808E83294DC6EEEF01D2EB,0.75908774,0.1787559
PROJ_DG761_20260723_213011_KST_4665FDF3E5CF,PE_0D019BF3E1350F9931B1079C,0.6272881,0.50694215
PROJ_DG761_20260723_213011_KST_4665FDF3E5CF,PE_0D426B7FEC0A8BBC399CBADA,0.54224795,0.33070245
PROJ_DG761_20260723_213011_KST_4665FDF3E5CF,PE_0DAD610F8F68D62B51376CD7,0.045019623,0.489267
PROJ_DG761_20260723_213011_KST_4665FDF3E5CF,PE_0E11600C766D1059CBA0CE79,0.32725582,0.3412282
PROJ_DG761_20260723_213011_KST_4665FDF3E5CF,PE_0EB66E2F86BF05F58E7311AD,0.72739226,0.30098507
PROJ_DG761_20260723_213011_KST_4665FDF3E5CF,PE_0EC877041EAFEFA69CA1E106,0.93667555,0.8237549
PROJ_DG761_20260723_213011_KST_4665FDF3E5CF,PE_0EF3BD0658E7A078A8D81A57,0.26252958,0.7055501
PROJ_DG761_20260723_213011_KST_4665FDF3E5CF,PE_0F40BCDC3075C4F2B16F2B18,0.057391845,0.5039817
PROJ_DG761_20260723_213011_KST_4665FDF3E5CF,PE_0FE60D905A732F0D893D980A,0.26309356,0.62432426
PROJ_DG761_20260723_213011_KST_4665FDF3E5CF,PE_1096BF1C078E187537E28726,0.9848341,0.48527318
PROJ_DG761_20260723_213011_KST_4665FDF3E5CF,PE_10F25AC1297CFFC3AD136EB2,0.53701025,0.5471972
PROJ_DG761_20260723_213011_KST_4665FDF3E5CF,PE_112ABCC439A92E7406107AC7,0.7677892,0.15817645
PROJ_DG761_20260723_213011_KST_4665FDF3E5CF,PE_115A22CA73B3EC39403FD910,0.1042504,0.6519914
PROJ_DG761_20260723_213011_KST_4665FDF3E5CF,PE_1242F37F058C8E62388841DF,0.76129603,0.17315274
PROJ_DG761_20260723_213011_KST_4665FDF3E5CF,PE_12F01F0C7EB55138708C1E9C,0.7293769,0.3103214
PROJ_DG761_20260723_213011_KST_4665FDF3E5CF,PE_12F4224587283A225DABAC08,0.53650373,0.5459095
PROJ_DG761_20260723_213011_KST_4665FDF3E5CF,PE_13981CC4E07593FA7002796C,0.37191877,0.64346015
PROJ_DG761_20260723_213011_KST_4665FDF3E5CF,PE_139940DEC606A5140DECE719,0.043015536,0.6231949
PROJ_DG761_20260723_213011_KST_4665FDF3E5CF,PE_13BF10F984CF965B589B38E3,0.29797402,0.6552357
PROJ_DG761_20260723_213011_KST_4665FDF3E5CF,PE_14C7C9A143FC532CA07BF0E5,0.7269945,0.31038624
PROJ_DG761_20260723_213011_KST_4665FDF3E5CF,PE_14DA2E6249CF770521704E62,0.5541358,0.5292885
PROJ_DG761_20260723_213011_KST_4665FDF3E5CF,PE_15B70F1DF1B560AB8F21D5FD,0.35088637,0.30755576
PROJ_DG761_20260723_213011_KST_4665FDF3E5CF,PE_15BB66CA1E5BECE3D4AF81E0,0.36247185,0.0029151423
PROJ_DG761_20260723_213011_KST_4665FDF3E5CF,PE_16930C4046557B10D7C208C1,0.13914187,0.5595475
PROJ_DG761_20260723_213011_KST_4665FDF3E5CF,PE_17133421BFA092AB8BFCDB19,0.6531412,0.42289674
PROJ_DG761_20260723_213011_KST_4665FDF3E5CF,PE_1713959E4AE7FC25A4EF090E,0.9948459,0.48015127
PROJ_DG761_20260723_213011_KST_4665FDF3E5CF,PE_17355DE4144DB7AC11355EDF,0.0371043,0.67543423
PROJ_DG761_20260723_213011_KST_4665FDF3E5CF,PE_17589B1FFFF1CBB217E96F98,0.2763036,0.6204655
PROJ_DG761_20260723_213011_KST_4665FDF3E5CF,PE_179B0A8E9E8917A3347107F4,0.17236626,0.6195135
PROJ_DG761_20260723_213011_KST_4665FDF3E5CF,PE_17CF5861BDDF6DA0D07E1C85,0.63990206,0.40292972
PROJ_DG761_20260723_213011_KST_4665FDF3E5CF,PE_1902968574B9A9E1A11BB10B,0.092862256,0.71791047
PROJ_DG761_20260723_213011_KST_4665FDF3E5CF,PE_198825CFF07EA2ECEA7CA817,0.7265066,0.20980568
PROJ_DG761_20260723_213011_KST_4665FDF3E5CF,PE_19B2437274CB32AD9C7BA860,0.61556345,0.48132056
PROJ_DG761_20260723_213011_KST_4665FDF3E5CF,PE_1A76A9908951B85627FAAC1D,0.046911653,0.49285686
PROJ_DG761_20260723_213011_KST_4665FDF3E5CF,PE_1A7ABC754B6E15C015A9CD29,0.12802821,0.60358375
PROJ_DG761_20260723_213011_KST_4665FDF3E5CF,PE_1AEE13253E2E859BA777C7D4,0.7006777,0.33225912
PROJ_DG761_20260723_213011_KST_4665FDF3E5CF,PE_1B1EBB02A43594A8C2874BC1,0.6194977,0.49483395
PROJ_DG761_20260723_213011_KST_4665FDF3E5CF,PE_1B1F034625703185A8E1F407,0.13049152,0.64946854
PROJ_DG761_20260723_213011_KST_4665FDF3E5CF,PE_1B20243AE2F3AF66CE5021A3,0.109215,0.72061574
PROJ_DG761_20260723_213011_KST_4665FDF3E5CF,PE_1B43E7ACB233D3A1A7D6B5F7,0.122628294,0.6110334
PROJ_DG761_20260723_213011_KST_4665FDF3E5CF,PE_1B6C962E86191F6377EAC748,0.04838304,0.73706204
PROJ_DG761_20260723_213011_KST_4665FDF3E5CF,PE_1C1C894310B71627047A6BD1,0.94662267,0.8190729
PROJ_DG761_20260723_213011_KST_4665FDF3E5CF,PE_1C8D15671012805B45B4CF58,0.25956422,0.70639
PROJ_DG761_20260723_213011_KST_4665FDF3E5CF,PE_1C9A2B30E9BB4786D12A2741,0.08819486,0.6692805
PROJ_DG761_20260723_213011_KST_4665FDF3E5CF,PE_1CD5E287EDA2BCFC48AA9B71,0.06440437,0.83725137
PROJ_DG761_20260723_213011_KST_4665FDF3E5CF,PE_1CE6C3D027E0F3B8A1FA1844,0.12169121,0.6689372
PROJ_DG761_20260723_213011_KST_4665FDF3E5CF,PE_1D7C3021CF5671EF76B54BB8,0.34062624,0.33209342
PROJ_DG761_20260723_213011_KST_4665FDF3E5CF,PE_1DB5C188DC6C3E2C1C3E39A6,0.10494614,0.62692237
PROJ_DG761_20260723_213011_KST_4665FDF3E5CF,PE_1E0B9549B87679634D614CD5,0.2113588,0.55589145
PROJ_DG761_20260723_213011_KST_4665FDF3E5CF,PE_1E4B2CBEBAC641CA092E8264,0.36962804,0.6421947
PROJ_DG761_20260723_213011_KST_4665FDF3E5CF,PE_1E4FFA6910D5143BD5521C9D,0.9518212,0.82450193
PROJ_DG761_20260723_213011_KST_4665FDF3E5CF,PE_1EC13D342877C22E05DD506B,0.12839957,0.75732905
PROJ_DG761_20260723_213011_KST_4665FDF3E5CF,PE_1F4C50720A7FC904864B33BD,0.1387131,0.60934764
PROJ_DG761_20260723_213011_KST_4665FDF3E5CF,PE_1F70844F17844EF8251D742F,1.0,0.49093628
PROJ_DG761_20260723_213011_KST_4665FDF3E5CF,PE_1FA94761987A156E2A64FB3C,0.65394396,0.4252796
PROJ_DG761_20260723_213011_KST_4665FDF3E5CF,PE_1FEBFD07209D7979E5192D16,0.5478939,0.5328059
PROJ_DG761_20260723_213011_KST_4665FDF3E5CF,PE_2082A97A9D0F05FE16A5232B,0.34150803,0.56305265
PROJ_DG761_20260723_213011_KST_4665FDF3E5CF,PE_2093CA5D5D368B0D9934A4C8,0.062409956,0.83931094
PROJ_DG761_20260723_213011_KST_4665FDF3E5CF,PE_219D44CEE91A14D2FB92C606,0.047566365,0.4938449
PROJ_DG761_20260723_213011_KST_4665FDF3E5CF,PE_21D3F1464D617109AAD384F4,0.7662507,0.41246843
PROJ_DG761_20260723_213011_KST_4665FDF3E5CF,PE_221AAFEFD995A8CAF5F76E91,0.2946308,0.3259971
PROJ_DG761_20260723_213011_KST_4665FDF3E5CF,PE_222E4E27E8DA204967963F43,0.22246894,0.66297305
PROJ_DG761_20260723_213011_KST_4665FDF3E5CF,PE_2257157370A52FA09B96E392,0.37204555,0.64120245
PROJ_DG761_20260723_213011_KST_4665FDF3E5CF,PE_226FFAD7679BCDEBD586765A,0.35930452,0.006062485
PROJ_DG761_20260723_213011_KST_4665FDF3E5CF,PE_22716538C01B2D801FF710E4,0.9951041,0.48069248
PROJ_DG761_20260723_213011_KST_4665FDF3E5CF,PE_22B5C44BFE2CC9BC7EA0691F,0.5456517,0.18113115
PROJ_DG761_20260723_213011_KST_4665FDF3E5CF,PE_23581600D3C4F2B61B23C14C,0.7658617,0.19166322
PROJ_DG761_20260723_213011_KST_4665FDF3E5CF,PE_23E7664A08BF67B6F2BB3771,0.25977948,0.7069875
PROJ_DG761_20260723_213011_KST_4665FDF3E5CF,PE_241DC63381A5D8240BA4B488,0.16169992,0.6638592
PROJ_DG761_20260723_213011_KST_4665FDF3E5CF,PE_24C523970F019B373947BF25,0.093357235,0.69616455
PROJ_DG761_20260723_213011_KST_4665FDF3E5CF,PE_24D92C2E007D397E5800014F,0.9893546,0.4862315
PROJ_DG761_20260723_213011_KST_4665FDF3E5CF,PE_2510F3811C57690E26D6C864,0.32794845,0.57677954
PROJ_DG761_20260723_213011_KST_4665FDF3E5CF,PE_252C20C671B3B1CC653E470D,0.09997012,0.6877127
PROJ_DG761_20260723_213011_KST_4665FDF3E5CF,PE_254053BBEA4C744478888306,0.7301658,0.31049657
PROJ_DG761_20260723_213011_KST_4665FDF3E5CF,PE_258BF5E4C7A583586DD3DCDE,0.36329845,0.003313079
PROJ_DG761_20260723_213011_KST_4665FDF3E5CF,PE_268EE62E3BC1591E84F09563,0.21387304,0.7732496
PROJ_DG761_20260723_213011_KST_4665FDF3E5CF,PE_26F5A7311EF340FAE997615A,0.027154017,0.68436307
PROJ_DG761_20260723_213011_KST_4665FDF3E5CF,PE_2758816F58285F940714CFF9,0.07653285,0.69863635
PROJ_DG761_20260723_213011_KST_4665FDF3E5CF,PE_27636FBBC0C91035D69DBF18,0.21246983,0.77782905
PROJ_DG761_20260723_213011_KST_4665FDF3E5CF,PE_27A7B63E50E4C3546EFC6A4F,0.052165665,0.4980201
PROJ_DG761_20260723_213011_KST_4665FDF3E5CF,PE_27F590133B203CB0AA39819C,0.27211243,0.32220703
PROJ_DG761_20260723_213011_KST_4665FDF3E5CF,PE_2873BB232C6457030CF1F99C,0.76172537,0.41993493
PROJ_DG761_20260723_213011_KST_4665FDF3E5CF,PE_28D2C75098105F49C3B52F46,0.62637144,0.5068942
PROJ_DG761_20260723_213011_KST_4665FDF3E5CF,PE_291601F5E67D08E99E4255B8,0.75866354,0.19146721
PROJ_DG761_20260723_213011_KST_4665FDF3E5CF,PE_2A20E9FC007C3486A12C907C,0.7195065,0.3171371
PROJ_DG761_20260723_213011_KST_4665FDF3E5CF,PE_2BD1FCF68343D429E108DF76,0.94143623,0.8140132
PROJ_DG761_20260723_213011_KST_4665FDF3E5CF,PE_2BEC140543D01E700D854870,0.2607502,0.705007
PROJ_DG761_20260723_213011_KST_4665FDF3E5CF,PE_2BF99D30D52F5CC12FDF8D28,0.06427301,0.5028446
PROJ_DG761_20260723_213011_KST_4665FDF3E5CF,PE_2C397DF0488972DFAF75F2F7,0.3716235,0.6416907
PROJ_DG761_20260723_213011_KST_4665FDF3E5CF,PE_2CA8BECA0399AD27F1DAA021,0.55662245,0.18945712
PROJ_DG761_20260723_213011_KST_4665FDF3E5CF,PE_2D057FEEEF1C7BE7FD51D938,0.15756945,0.62679327
PROJ_DG761_20260723_213011_KST_4665FDF3E5CF,PE_2D0DDB9425382E3128BB604F,0.701033,0.9910942
PROJ_DG761_20260723_213011_KST_4665FDF3E5CF,PE_2D1A2FA1F6258262E2FFB9B8,0.9375081,0.81282765
PROJ_DG761_20260723_213011_KST_4665FDF3E5CF,PE_2DB78E3CB9CA990E18A74E25,0.0651911,0.5998191
PROJ_DG761_20260723_213011_KST_4665FDF3E5CF,PE_2E40C12DCC1825F9E5DF6622,0.100287154,0.6332476
PROJ_DG761_20260723_213011_KST_4665FDF3E5CF,PE_2EBDC5B99579F845F141F587,0.6168785,0.4078293
PROJ_DG761_20260723_213011_KST_4665FDF3E5CF,PE_2EFCD5C82E9BC95FA16EBD5D,0.08277097,0.6720357
PROJ_DG761_20260723_213011_KST_4665FDF3E5CF,PE_2F954BC3C2CD2A32ADE3C610,0.01768656,0.685455
PROJ_DG761_20260723_213011_KST_4665FDF3E5CF,PE_2FE02A16F1EC013849EBDF96,0.07440793,0.6800172
PROJ_DG761_20260723_213011_KST_4665FDF3E5CF,PE_302E22557C3E218969935D00,0.27192324,0.32210186
PROJ_DG761_20260723_213011_KST_4665FDF3E5CF,PE_30C5F5C2CFAAF1049F724789,0.07929342,0.63442516
PROJ_DG761_20260723_213011_KST_4665FDF3E5CF,PE_30D82A80FEEBEC9C7A7BBEA4,0.33436936,0.3343967
PROJ_DG761_20260723_213011_KST_4665FDF3E5CF,PE_30DF0E31D1B529DAA2E4F46F,0.17700057,0.6283567
PROJ_DG761_20260723_213011_KST_4665FDF3E5CF,PE_310C2D00A293B28CC45282B7,0.7330748,0.31442413
PROJ_DG761_20260723_213011_KST_4665FDF3E5CF,PE_3173B4499D86D0C0BFC7C538,0.05684313,0.5902129
PROJ_DG761_20260723_213011_KST_4665FDF3E5CF,PE_3273BEEDA2DB2F4BE925EA04,0.121653385,0.6935074
PROJ_DG761_20260723_213011_KST_4665FDF3E5CF,PE_32B804FC555B7C1267A9AE63,0.24442628,0.60826075
PROJ_DG761_20260723_213011_KST_4665FDF3E5CF,PE_32E5D67C0A47A856B8D06BE6,0.5495761,0.5346925
PROJ_DG761_20260723_213011_KST_4665FDF3E5CF,PE_330A0CA86CB396ADA34CEE06,0.05763928,0.58875394
PROJ_DG761_20260723_213011_KST_4665FDF3E5CF,PE_33445F17AB4CC04DD5F19ECE,0.48090675,0.40908727
PROJ_DG761_20260723_213011_KST_4665FDF3E5CF,PE_349D9DE808EF58A0A451192A,0.65788513,0.40034983
PROJ_DG761_20260723_213011_KST_4665FDF3E5CF,PE_34E0B72A0E7B34DE1102905D,0.7166061,0.31868002
PROJ_DG761_20260723_213011_KST_4665FDF3E5CF,PE_34E38DB9DADE5CD57A6B6F8F,0.36242834,0.003203691
PROJ_DG761_20260723_213011_KST_4665FDF3E5CF,PE_34FA7DF17B5D886844D61DA7,0.77436477,0.15334992
PROJ_DG761_20260723_213011_KST_4665FDF3E5CF,PE_3591A7A3445AEC7F4C76A878,0.7289473,0.31065473
PROJ_DG761_20260723_213011_KST_4665FDF3E5CF,PE_35B9EEE07EF886150FF9ED80,0.026142497,0.676596
PROJ_DG761_20260723_213011_KST_4665FDF3E5CF,PE_365DB2B960BCD2454AD9E0D5,0.6170993,0.48469606
PROJ_DG761_20260723_213011_KST_4665FDF3E5CF,PE_36735D6BA4DD77B63D5A6852,0.21417917,0.77727413
PROJ_DG761_20260723_213011_KST_4665FDF3E5CF,PE_3709B6865B98021C9313FC91,0.100738,0.6777028
PROJ_DG761_20260723_213011_KST_4665FDF3E5CF,PE_372520C5720EC4DA1B6723D0,0.9496293,0.81758237
PROJ_DG761_20260723_213011_KST_4665FDF3E5CF,PE_377258A8D12847BEBFA2B891,0.6061521,0.4121647
PROJ_DG761_20260723_213011_KST_4665FDF3E5CF,PE_37FA41F6616680BFB3E5EF75,0.38191515,0.3377369
PROJ_DG761_20260723_213011_KST_4665FDF3E5CF,PE_38D6294250E88C01874B8B6B,0.9835581,0.47972587
PROJ_DG761_20260723_213011_KST_4665FDF3E5CF,PE_3900009A5274DFA973BBD40F,0.19451793,0.60521716
PROJ_DG761_20260723_213011_KST_4665FDF3E5CF,PE_393F393D2E0B6D82D8681DDA,0.6081107,0.36431023
PROJ_DG761_20260723_213011_KST_4665FDF3E5CF,PE_399E69575672C5058C20BCD3,0.318026,0.33610532
PROJ_DG761_20260723_213011_KST_4665FDF3E5CF,PE_39DE58A357C3D59C79D30986,0.13724583,0.64931554
PROJ_DG761_20260723_213011_KST_4665FDF3E5CF,PE_3A2652C9D43C5C397CD7A753,0.053200863,0.66122216
PROJ_DG761_20260723_213011_KST_4665FDF3E5CF,PE_3A86C6A366FBD071E73CA7A7,0.1394836,0.52703464
PROJ_DG761_20260723_213011_KST_4665FDF3E5CF,PE_3B72FB37BDE9C34B0F9746C1,0.7790389,0.16102426
PROJ_DG761_20260723_213011_KST_4665FDF3E5CF,PE_3B9E5B52BD3ADC63CBB2E654,0.059616137,0.58827066
PROJ_DG761_20260723_213011_KST_4665FDF3E5CF,PE_3C3E3E41A7668EABD725DF8D,0.28785163,0.66539544
PROJ_DG761_20260723_213011_KST_4665FDF3E5CF,PE_3C62C99BC42B140CA7085745,0.13652617,0.54119414
PROJ_DG761_20260723_213011_KST_4665FDF3E5CF,PE_3C75BC28C3709821E7177352,0.14853819,0.6217043
PROJ_DG761_20260723_213011_KST_4665FDF3E5CF,PE_3C8F2F4DF33F6411A2EF6053,0.36278608,0.6477392
PROJ_DG761_20260723_213011_KST_4665FDF3E5CF,PE_3CD11189075878B537814B76,0.008116722,0.68463326
PROJ_DG761_20260723_213011_KST_4665FDF3E5CF,PE_3CDC0B71291E54020F7328AC,0.2239424,0.6095404
PROJ_DG761_20260723_213011_KST_4665FDF3E5CF,PE_3CDD8BA5E9F313BE765059DE,0.08427285,0.61148256
PROJ_DG761_20260723_213011_KST_4665FDF3E5CF,PE_3CFFE6EE9FB68C19E93A937E,0.21331616,0.77682024
PROJ_DG761_20260723_213011_KST_4665FDF3E5CF,PE_3DA905EABB7550706308F320,0.29642442,0.32876316
PROJ_DG761_20260723_213011_KST_4665FDF3E5CF,PE_3DB0E7908652F479334CCACF,0.341285,0.56504154
PROJ_DG761_20260723_213011_KST_4665FDF3E5CF,PE_3E10FEFB264A79E753D23A63,0.10337827,0.67070526
PROJ_DG761_20260723_213011_KST_4665FDF3E5CF,PE_3EE37B832D36A87484D203E3,0.2088436,0.69915694
PROJ_DG761_20260723_213011_KST_4665FDF3E5CF,PE_3F5F968AEEEBE9E396CFB0BD,0.15102048,0.63289833
PROJ_DG761_20260723_213011_KST_4665FDF3E5CF,PE_3FCD68FF77A271CEDE07A34C,0.047416374,0.49279907
PROJ_DG761_20260723_213011_KST_4665FDF3E5CF,PE_3FD5D75657ED471CB75B9674,0.055531915,0.5847525
PROJ_DG761_20260723_213011_KST_4665FDF3E5CF,PE_40166403B5451DD8068528F6,0.9851681,0.4805675
PROJ_DG761_20260723_213011_KST_4665FDF3E5CF,PE_401E7E23C3F77C1CC3B9F5DD,0.6132429,0.3898061
PROJ_DG761_20260723_213011_KST_4665FDF3E5CF,PE_406F5D26E5D6D8A428C118EB,0.0016508999,0.57744026
PROJ_DG761_20260723_213011_KST_4665FDF3E5CF,PE_40F2E6F71E214530659A49EE,0.030356225,0.6315735
PROJ_DG761_20260723_213011_KST_4665FDF3E5CF,PE_412305832CEDB98230EE7CAE,0.21071911,0.7786155
PROJ_DG761_20260723_213011_KST_4665FDF3E5CF,PE_41A4CA8B97542C43C14E2250,0.7496609,0.5168388
PROJ_DG761_20260723_213011_KST_4665FDF3E5CF,PE_41AE976F566B5A7D8B5587AA,0.13036227,0.63852686
PROJ_DG761_20260723_213011_KST_4665FDF3E5CF,PE_42495D4036A36B1AE6FD3A88,0.61313915,0.40375245
PROJ_DG761_20260723_213011_KST_4665FDF3E5CF,PE_42B59E3A6E18FB5F31EA1B4D,0.99594533,0.47196174
PROJ_DG761_20260723_213011_KST_4665FDF3E5CF,PE_43544282B91A066687053864,0.21173738,0.7744132
PROJ_DG761_20260723_213011_KST_4665FDF3E5CF,PE_435D2CE9E7588A5DBC4EF0CC,0.025791245,0.5886631
PROJ_DG761_20260723_213011_KST_4665FDF3E5CF,PE_43969330E10227984562CCE5,0.028022096,0.6318955
PROJ_DG761_20260723_213011_KST_4665FDF3E5CF,PE_440CFBDFEEB9E4CBB65C6FEA,0.36361694,0.63959986
PROJ_DG761_20260723_213011_KST_4665FDF3E5CF,PE_451CCD0FC79597FF94DB7F2E,0.34912577,0.3241296
PROJ_DG761_20260723_213011_KST_4665FDF3E5CF,PE_45556FC2751B15707FD1F008,0.6220417,0.4124196
PROJ_DG761_20260723_213011_KST_4665FDF3E5CF,PE_457D1E5B908770B296148DEF,0.7653813,0.14980926
PROJ_DG761_20260723_213011_KST_4665FDF3E5CF,PE_458026CFEDB2F170AC1D7F19,0.11898638,0.69424045
PROJ_DG761_20260723_213011_KST_4665FDF3E5CF,PE_4593334835FD19530C3C37E7,0.5419103,0.17574364
PROJ_DG761_20260723_213011_KST_4665FDF3E5CF,PE_45B34A6E2AE75F93AF7406C3,0.044027057,0.49347904
PROJ_DG761_20260723_213011_KST_4665FDF3E5CF,PE_45C6DE4398D2EC22BF146569,0.6183685,0.48315862
PROJ_DG761_20260723_213011_KST_4665FDF3E5CF,PE_45F2BA49620298753EFCE038,0.22520511,0.5468019
PROJ_DG761_20260723_213011_KST_4665FDF3E5CF,PE_460372D233DC45743AA8A718,0.27782476,0.66334677
PROJ_DG761_20260723_213011_KST_4665FDF3E5CF,PE_468F6EB78F265F1F1F1B867A,0.38371333,0.54536974
PROJ_DG761_20260723_213011_KST_4665FDF3E5CF,PE_4694BA7C19BDA0BB870FFC84,0.14700356,0.699894
PROJ_DG761_20260723_213011_KST_4665FDF3E5CF,PE_46EB3C7449F0A41966E7B0C8,0.76937675,0.41384023
PROJ_DG761_20260723_213011_KST_4665FDF3E5CF,PE_476F1E201F7D8D492CCF01F2,0.54543567,0.1803718
PROJ_DG761_20260723_213011_KST_4665FDF3E5CF,PE_47D9FD6124E83E1A92346E94,0.70681775,0.99560076
PROJ_DG761_20260723_213011_KST_4665FDF3E5CF,PE_48500DD5E8CB62D1F5E3AC55,0.7488227,0.5139032
PROJ_DG761_20260723_213011_KST_4665FDF3E5CF,PE_48751750A4C911BAE3F386F1,0.324825,0.3372328
PROJ_DG761_20260723_213011_KST_4665FDF3E5CF,PE_490A07E0E0393A9B8AA5FEAC,0.6304541,0.51159054
PROJ_DG761_20260723_213011_KST_4665FDF3E5CF,PE_4A99320131D0F8C21ADBCC01,0.14219739,0.5258814
PROJ_DG761_20260723_213011_KST_4665FDF3E5CF,PE_4B7B7CEB74A1304BDAD47744,0.73006517,0.3091859
PROJ_DG761_20260723_213011_KST_4665FDF3E5CF,PE_4C9785E6B70BFAF0F4FE95A9,0.4900395,0.40460896
PROJ_DG761_20260723_213011_KST_4665FDF3E5CF,PE_4CB9EE962B8B71F7A72F183A,0.14553674,0.7015449
PROJ_DG761_20260723_213011_KST_4665FDF3E5CF,PE_4CDFBE921D711A4331FA6FCE,0.76962173,0.4275421
PROJ_DG761_20260723_213011_KST_4665FDF3E5CF,PE_4D0FD5653B28BB9250FF2F77,0.077898055,0.65842813
PROJ_DG761_20260723_213011_KST_4665FDF3E5CF,PE_4D440905626270154969C2FE,0.13032204,0.75994736
PROJ_DG761_20260723_213011_KST_4665FDF3E5CF,PE_4D78408D96E3D6FD917447FF,0.66983426,0.43496454
PROJ_DG761_20260723_213011_KST_4665FDF3E5CF,PE_4DB31E7422A04A5E696727CF,0.99373287,0.48491868
PROJ_DG761_20260723_213011_KST_4665FDF3E5CF,PE_4DE542BF95A9720BE53EC2BD,0.30176792,0.64172304
PROJ_DG761_20260723_213011_KST_4665FDF3E5CF,PE_4E29E44963EF629227A75F9A,0.08675787,0.6471876
PROJ_DG761_20260723_213011_KST_4665FDF3E5CF,PE_4E8934FA968F76B90900D05C,0.28180757,0.32718378
PROJ_DG761_20260723_213011_KST_4665FDF3E5CF,PE_4F0A18F3916DDC3F0A6F6809,0.6138625,0.4114045
PROJ_DG761_20260723_213011_KST_4665FDF3E5CF,PE_4F97B8C449DEB45446259189,0.70046276,0.988367
PROJ_DG761_20260723_213011_KST_4665FDF3E5CF,PE_4FBF7BE59BA71C8EDEF4815A,0.6247712,0.4336673
PROJ_DG761_20260723_213011_KST_4665FDF3E5CF,PE_4FFD1D4CE403B3A99108BFE2,0.35338932,0.30604076
PROJ_DG761_20260723_213011_KST_4665FDF3E5CF,PE_50284FEA11ED26440967E1A6,0.11370636,0.6278894
PROJ_DG761_20260723_213011_KST_4665FDF3E5CF,PE_5079A32FCD946AF5C6114EC5,0.7579462,0.1700776
PROJ_DG761_20260723_213011_KST_4665FDF3E5CF,PE_50D86A7F4E89F9C2842FEA22,0.5428177,0.33015823
PROJ_DG761_20260723_213011_KST_4665FDF3E5CF,PE_5133ACAA101A1D00B10FF0CB,0.6655998,0.43371642
PROJ_DG761_20260723_213011_KST_4665FDF3E5CF,PE_51783EB1DE213FB1EA2A2A6B,0.21235286,0.7293096
PROJ_DG761_20260723_213011_KST_4665FDF3E5CF,PE_521ED6AEB620EB3F93F517EA,0.593724,0.40348622
PROJ_DG761_20260723_213011_KST_4665FDF3E5CF,PE_523222C400AAA72FB9FA525A,0.5475055,0.3258565
PROJ_DG761_20260723_213011_KST_4665FDF3E5CF,PE_52779EED08BA7583975C3B91,0.7310058,0.44525212
PROJ_DG761_20260723_213011_KST_4665FDF3E5CF,PE_52877868FEEA22EA303456A9,0.7050196,0.989954
PROJ_DG761_20260723_213011_KST_4665FDF3E5CF,PE_52EFF5BEC875DAE1318A5B67,0.23286466,0.62055296
PROJ_DG761_20260723_213011_KST_4665FDF3E5CF,PE_52FA62C376B993A144522F00,0.6278183,0.5071761
PROJ_DG761_20260723_213011_KST_4665FDF3E5CF,PE_534DCCEED00A327BA52F4963,0.93933743,0.82276
PROJ_DG761_20260723_213011_KST_4665FDF3E5CF,PE_537E1D575824F20C53D1AAD9,0.067669846,0.5945688
PROJ_DG761_20260723_213011_KST_4665FDF3E5CF,PE_54972173CD17330D296167EC,0.07232517,0.5742916
PROJ_DG761_20260723_213011_KST_4665FDF3E5CF,PE_54ACE633D96417DDC9859971,0.06041504,0.59020793
PROJ_DG761_20260723_213011_KST_4665FDF3E5CF,PE_5555FAD84DF4838F98DC6B10,0.21659505,0.5488135
PROJ_DG761_20260723_213011_KST_4665FDF3E5CF,PE_56193E4E0C2EE8151F23252E,0.124642834,0.69679374
PROJ_DG761_20260723_213011_KST_4665FDF3E5CF,PE_56CCFE02C5FBF699C1E6A5B4,0.7349443,0.31452003
PROJ_DG761_20260723_213011_KST_4665FDF3E5CF,PE_56F6FF15EA91ED0BA61D30A4,0.36609653,0.0
PROJ_DG761_20260723_213011_KST_4665FDF3E5CF,PE_5710FF31C5C214AE676E434D,0.728,0.31435525
PROJ_DG761_20260723_213011_KST_4665FDF3E5CF,PE_58569C193B083DBA0555D2D8,0.20181072,0.6141422
PROJ_DG761_20260723_213011_KST_4665FDF3E5CF,PE_59061388F63CB47FC172F3E1,0.76295906,0.4120067
PROJ_DG761_20260723_213011_KST_4665FDF3E5CF,PE_595F1BBE45994E4CC225FF75,0.58634466,0.4472475
PROJ_DG761_20260723_213011_KST_4665FDF3E5CF,PE_599262D9AC45AA667F9153FA,0.937097,0.81220454
PROJ_DG761_20260723_213011_KST_4665FDF3E5CF,PE_5A1AA38E68FF9888DE1040CC,0.555376,0.17620638
PROJ_DG761_20260723_213011_KST_4665FDF3E5CF,PE_5A53DB91F9F4503ECFAECF54,0.33233288,0.5749953
PROJ_DG761_20260723_213011_KST_4665FDF3E5CF,PE_5ADF1F0D3BA74D4E629468A1,0.053157587,0.5045227
PROJ_DG761_20260723_213011_KST_4665FDF3E5CF,PE_5B7458B4D2A8E816F668B2EC,0.004506229,0.5782206
PROJ_DG761_20260723_213011_KST_4665FDF3E5CF,PE_5B9194ABA227BF878190E9A2,0.027180454,0.6324349
PROJ_DG761_20260723_213011_KST_4665FDF3E5CF,PE_5B9D4856CB26AF39C5F5EEC5,0.54924065,0.1830858
PROJ_DG761_20260723_213011_KST_4665FDF3E5CF,PE_5BDB90914659D7E3610487DA,0.05782803,0.5109789
PROJ_DG761_20260723_213011_KST_4665FDF3E5CF,PE_5BF7B7E2FD9777A5DD887942,0.00418532,0.6862787
PROJ_DG761_20260723_213011_KST_4665FDF3E5CF,PE_5BFFEFA807A056A9F85AD6EC,0.0602327,0.84226006
PROJ_DG761_20260723_213011_KST_4665FDF3E5CF,PE_5DD51501F7C73915B49B43CD,0.072389655,0.6795158
PROJ_DG761_20260723_213011_KST_4665FDF3E5CF,PE_5E16F816CABFA174F2F59508,0.14045109,0.5254336
PROJ_DG761_20260723_213011_KST_4665FDF3E5CF,PE_5F2F1BBBB1FFCE47EF686422,0.048902195,0.4954221
PROJ_DG761_20260723_213011_KST_4665FDF3E5CF,PE_5F4AFF0707533BCF353B852A,0.7074372,0.99364626
PROJ_DG761_20260723_213011_KST_4665FDF3E5CF,PE_5F81FDE06BDF79B78045152F,0.29618955,0.66002095
PROJ_DG761_20260723_213011_KST_4665FDF3E5CF,PE_608C355C300EE2F43C75342D,0.122274,0.6179959
PROJ_DG761_20260723_213011_KST_4665FDF3E5CF,PE_60A39480A9601080F9B4C905,0.35155973,0.34243345
PROJ_DG761_20260723_213011_KST_4665FDF3E5CF,PE_60A6E6E5C9D274C2ABD6E2AF,0.705362,0.99241096
PROJ_DG761_20260723_213011_KST_4665FDF3E5CF,PE_6104C4603C1DD9404F61BDA5,0.34392712,0.5623909
PROJ_DG761_20260723_213011_KST_4665FDF3E5CF,PE_61352F3EE178ABD070E5B219,0.12393009,0.6452386
PROJ_DG761_20260723_213011_KST_4665FDF3E5CF,PE_6145BDB6853E6A88680ACCB9,0.37493294,0.36724538
PROJ_DG761_20260723_213011_KST_4665FDF3E5CF,PE_6171C2B694D59C8932AB1E39,0.32623443,0.30128968
PROJ_DG761_20260723_213011_KST_4665FDF3E5CF,PE_61B56F17C1707CDB1F1EFA09,0.044538688,0.73907846
PROJ_DG761_20260723_213011_KST_4665FDF3E5CF,PE_62098DFEB51F0628BECCE952,0.62664163,0.5120896
PROJ_DG761_20260723_213011_KST_4665FDF3E5CF,PE_620DB9B65551DEB413804850,0.19907916,0.6270876
PROJ_DG761_20260723_213011_KST_4665FDF3E5CF,PE_628815A205D2EACA70C03AE0,0.33512434,0.57209176
PROJ_DG761_20260723_213011_KST_4665FDF3E5CF,PE_62B04C243B2D5156BDC63A3A,0.7487145,0.51566947
PROJ_DG761_20260723_213011_KST_4665FDF3E5CF,PE_62B2AA6D276E79C1446AC83E,0.5401623,0.5444227
PROJ_DG761_20260723_213011_KST_4665FDF3E5CF,PE_62F8345B270EFFE836217668,0.038483586,0.7446867
PROJ_DG761_20260723_213011_KST_4665FDF3E5CF,PE_6312EC491832CD1285205899,0.0036873706,0.68633103
PROJ_DG761_20260723_213011_KST_4665FDF3E5CF,PE_63E1D33B440FB14451B4ABDB,0.21527952,0.5516825
PROJ_DG761_20260723_213011_KST_4665FDF3E5CF,PE_63F1485092EB8998BA3F84F4,0.29365227,0.66321385
PROJ_DG761_20260723_213011_KST_4665FDF3E5CF,PE_63F9B54D924D4FC313C907F2,0.36378434,0.0046070362
PROJ_DG761_20260723_213011_KST_4665FDF3E5CF,PE_644AEE33D18E403615184776,0.3232117,0.6292214
PROJ_DG761_20260723_213011_KST_4665FDF3E5CF,PE_645F46EF0399123A1E5EBACB,0.58328664,0.44821805
PROJ_DG761_20260723_213011_KST_4665FDF3E5CF,PE_647599075EE460FD46FA9336,0.60766387,0.4389944
PROJ_DG761_20260723_213011_KST_4665FDF3E5CF,PE_6541D14F03ADAF89E41BFCA1,0.34301704,0.3280123
PROJ_DG761_20260723_213011_KST_4665FDF3E5CF,PE_6544178B0A66B9F92579D952,0.6712089,0.4312179
PROJ_DG761_20260723_213011_KST_4665FDF3E5CF,PE_65C234A6186A514E9A34B108,0.72837347,0.30708724
PROJ_DG761_20260723_213011_KST_4665FDF3E5CF,PE_671EEC4C3900265215177846,0.043650944,0.7409697
PROJ_DG761_20260723_213011_KST_4665FDF3E5CF,PE_67AED3FC0AE4B4C97D333D48,0.6319611,0.40113136
PROJ_DG761_20260723_213011_KST_4665FDF3E5CF,PE_67B73870DACA1EEB08553A0D,0.12880243,0.7572586
PROJ_DG761_20260723_213011_KST_4665FDF3E5CF,PE_686219073E01957ED17C2F1C,0.6192433,0.40827516
PROJ_DG761_20260723_213011_KST_4665FDF3E5CF,PE_6867C8132C884B572C310747,0.7727553,0.17593078
PROJ_DG761_20260723_213011_KST_4665FDF3E5CF,PE_68770C767EE52D9EAC521ABA,0.76423085,0.16187468
PROJ_DG761_20260723_213011_KST_4665FDF3E5CF,PE_687CD3DEEDFFA7E76CC774A2,0.16346443,0.70872253
PROJ_DG761_20260723_213011_KST_4665FDF3E5CF,PE_689568F0B6588882E3E0CC0D,0.21354316,0.58882195
PROJ_DG761_20260723_213011_KST_4665FDF3E5CF,PE_68EC8BCB6FE19888F65A81FC,0.5424478,0.17717864
PROJ_DG761_20260723_213011_KST_4665FDF3E5CF,PE_69031F91D05054BF838F18AD,0.06235633,0.59761673
PROJ_DG761_20260723_213011_KST_4665FDF3E5CF,PE_6912596F30C8FF00443F0AC4,0.55097574,0.18448284
PROJ_DG761_20260723_213011_KST_4665FDF3E5CF,PE_69BA7739DD74F3D70DFB7F0A,0.06172931,0.5030304
PROJ_DG761_20260723_213011_KST_4665FDF3E5CF,PE_6A09BE1E821AC1616E5DC125,0.13187794,0.563027
PROJ_DG761_20260723_213011_KST_4665FDF3E5CF,PE_6A1B7FCE43E08A11D7D004E9,0.23788996,0.6204179
PROJ_DG761_20260723_213011_KST_4665FDF3E5CF,PE_6A367874B624B6DDF6FFBD9B,0.6537357,0.35425577
PROJ_DG761_20260723_213011_KST_4665FDF3E5CF,PE_6A373247F4F69CC3C0207193,0.54253906,0.17682113
PROJ_DG761_20260723_213011_KST_4665FDF3E5CF,PE_6A7DDA5E1D7BEE1F43B798FD,0.9707845,0.47923824
PROJ_DG761_20260723_213011_KST_4665FDF3E5CF,PE_6AC53510241249A81C8C294A,0.3243588,0.5850788
PROJ_DG761_20260723_213011_KST_4665FDF3E5CF,PE_6C1F07D10EF2CB85A4BCB894,0.9428356,0.8194757
PROJ_DG761_20260723_213011_KST_4665FDF3E5CF,PE_6C314F86B9C46579D438FF3C,0.08122034,0.6855931
PROJ_DG761_20260723_213011_KST_4665FDF3E5CF,PE_6C53E57F4B8858B7C782783D,0.5498223,0.18612248
PROJ_DG761_20260723_213011_KST_4665FDF3E5CF,PE_6D15B368FD235D43B4966D6C,0.1058188,0.71841526
PROJ_DG761_20260723_213011_KST_4665FDF3E5CF,PE_6D7611ADED98AC1C8A309E99,0.7723062,0.4122069
PROJ_DG761_20260723_213011_KST_4665FDF3E5CF,PE_6DB87CC4FBD47061540EF349,0.612043,0.38012236
PROJ_DG761_20260723_213011_KST_4665FDF3E5CF,PE_6DCD0167AD0B732B1AADEB3A,0.70660114,1.0
PROJ_DG761_20260723_213011_KST_4665FDF3E5CF,PE_6DD217F3A5CCBCF33659E89C,0.0133816255,0.6907183
PROJ_DG761_20260723_213011_KST_4665FDF3E5CF,PE_6DF1D045341011A6E13111CB,0.5438017,0.18032438
PROJ_DG761_20260723_213011_KST_4665FDF3E5CF,PE_6DF4979A8FBF87806F1140FB,0.036131293,0.675848
PROJ_DG761_20260723_213011_KST_4665FDF3E5CF,PE_6E0BC0AE09DF810C43AA5F5C,0.053968098,0.49721816
PROJ_DG761_20260723_213011_KST_4665FDF3E5CF,PE_6F00FC2E106EBE30F920EF40,0.62096125,0.39003614
PROJ_DG761_20260723_213011_KST_4665FDF3E5CF,PE_700E50E8B3C52CA9618A87B7,0.12474984,0.70804584
PROJ_DG761_20260723_213011_KST_4665FDF3E5CF,PE_7018596A37EABCEE20792FFE,0.040681407,0.7435393
PROJ_DG761_20260723_213011_KST_4665FDF3E5CF,PE_70BFAFD5D01D43E5F88F01BD,0.09455092,0.69017535
PROJ_DG761_20260723_213011_KST_4665FDF3E5CF,PE_70ED6CE05EC0C2BD7FA11ACF,0.5355521,0.5461852
PROJ_DG761_20260723_213011_KST_4665FDF3E5CF,PE_71D25FD2C3960A4052082FCC,0.47922683,0.41021004
PROJ_DG761_20260723_213011_KST_4665FDF3E5CF,PE_72C09F92499437C765D9052F,0.7488283,0.5140571
PROJ_DG761_20260723_213011_KST_4665FDF3E5CF,PE_73AFD3A964F020DB0459F1B1,0.3343887,0.30747327
PROJ_DG761_20260723_213011_KST_4665FDF3E5CF,PE_741AD29D313A8FE975F71891,0.66857994,0.4295075
PROJ_DG761_20260723_213011_KST_4665FDF3E5CF,PE_7445B6F92130A17F364957DA,0.31885427,0.3102615
PROJ_DG761_20260723_213011_KST_4665FDF3E5CF,PE_7482819FA92A3B403E5EC21B,0.7730724,0.14320311
PROJ_DG761_20260723_213011_KST_4665FDF3E5CF,PE_749F0D8853BB8D527709AA8C,0.61862576,0.4887113
PROJ_DG761_20260723_213011_KST_4665FDF3E5CF,PE_74CE5F3CB3811B479C608363,0.33134118,0.33808666
PROJ_DG761_20260723_213011_KST_4665FDF3E5CF,PE_752F72862B6A6768D46EF905,0.70167774,0.99337935
PROJ_DG761_20260723_213011_KST_4665FDF3E5CF,PE_756DDC790DA39BDFD06CC6E0,0.120667405,0.70342296
PROJ_DG761_20260723_213011_KST_4665FDF3E5CF,PE_76449F0912DE44D30827F38C,0.55821,0.53388035
PROJ_DG761_20260723_213011_KST_4665FDF3E5CF,PE_76647A9A441E2E5004E79819,0.14446023,0.5238052
PROJ_DG761_20260723_213011_KST_4665FDF3E5CF,PE_766DDCF283ABBF92862FBA82,0.099861614,0.68166757
PROJ_DG761_20260723_213011_KST_4665FDF3E5CF,PE_76DDB77732FF976AC43F195B,0.78114384,0.1512461
PROJ_DG761_20260723_213011_KST_4665FDF3E5CF,PE_76FF8275D100212967DA0EAD,0.10352781,0.7142339
PROJ_DG761_20260723_213011_KST_4665FDF3E5CF,PE_77A98C495048F8BCBD18B1FE,0.116448835,0.6185717
PROJ_DG761_20260723_213011_KST_4665FDF3E5CF,PE_780A2E97294F146209E217B9,0.77709424,0.19103141
PROJ_DG761_20260723_213011_KST_4665FDF3E5CF,PE_785B3482A234B9848A1D89AD,0.16217133,0.7105483
PROJ_DG761_20260723_213011_KST_4665FDF3E5CF,PE_787F3908F9F174AD06A0D17D,0.5544061,0.1856936
PROJ_DG761_20260723_213011_KST_4665FDF3E5CF,PE_78C571EC237F062DD11EFB48,0.019265454,0.68591946
PROJ_DG761_20260723_213011_KST_4665FDF3E5CF,PE_799C6DBAC2819BC58C243A14,0.27193382,0.3225315
PROJ_DG761_20260723_213011_KST_4665FDF3E5CF,PE_79AE7530BC3FDE967EDC1538,0.06785985,0.6696839
PROJ_DG761_20260723_213011_KST_4665FDF3E5CF,PE_79C56E5DDCA8DF93EA99B135,0.6138498,0.41941655
PROJ_DG761_20260723_213011_KST_4665FDF3E5CF,PE_79D4726D6F20949EAE4EBE31,0.33029148,0.30354187
PROJ_DG761_20260723_213011_KST_4665FDF3E5CF,PE_79E67298CAF7040A4C0353A0,0.93755203,0.8149894
PROJ_DG761_20260723_213011_KST_4665FDF3E5CF,PE_7A2236A36A5CD552779B78D9,0.4472074,0.51625293
PROJ_DG761_20260723_213011_KST_4665FDF3E5CF,PE_7A944511CDB471AF533E3E72,0.085638985,0.6293528
PROJ_DG761_20260723_213011_KST_4665FDF3E5CF,PE_7B4A88AE1E76DB0B3219519D,0.9927805,0.48243615
PROJ_DG761_20260723_213011_KST_4665FDF3E5CF,PE_7B7EFAE8BD9EADBB0E3DF532,0.24767388,0.68998855
PROJ_DG761_20260723_213011_KST_4665FDF3E5CF,PE_7BE277C834132C4C0F951AEB,0.098084174,0.6150156
PROJ_DG761_20260723_213011_KST_4665FDF3E5CF,PE_7C066CB4144B6B3323300B08,0.056108568,0.49962974
PROJ_DG761_20260723_213011_KST_4665FDF3E5CF,PE_7C3580CB3CB34B834DA1485B,0.44955266,0.515373
PROJ_DG761_20260723_213011_KST_4665FDF3E5CF,PE_7D973B2903B8E1DF8364F593,0.064966515,0.84189254
PROJ_DG761_20260723_213011_KST_4665FDF3E5CF,PE_7DB125FC6A19110F5C0363EE,0.7616879,0.16767919
PROJ_DG761_20260723_213011_KST_4665FDF3E5CF,PE_7DE34866C7D769CC5443E6BE,0.37697566,0.337159
PROJ_DG761_20260723_213011_KST_4665FDF3E5CF,PE_7E271EA9CC44F8353EBD7035,0.20826086,0.6073916
PROJ_DG761_20260723_213011_KST_4665FDF3E5CF,PE_7E6842E46F5E25843930E4EA,0.123914436,0.63503003
PROJ_DG761_20260723_213011_KST_4665FDF3E5CF,PE_7F1E4DB8FE9689BB750DA51D,0.77129275,0.17327388
PROJ_DG761_20260723_213011_KST_4665FDF3E5CF,PE_7F55E5D045109DC0AA81021F,0.07063687,0.7180392
PROJ_DG761_20260723_213011_KST_4665FDF3E5CF,PE_7F636B24C06BD7FE7D8C833A,0.112751156,0.6245077
PROJ_DG761_20260723_213011_KST_4665FDF3E5CF,PE_7F7716B4F8FF3D470E9DD711,0.1565934,0.707497
PROJ_DG761_20260723_213011_KST_4665FDF3E5CF,PE_7FA98FD12E0BF6D87B23259E,0.48466215,0.40472707
PROJ_DG761_20260723_213011_KST_4665FDF3E5CF,PE_7FBF5DF6D96110CB258C88DE,0.54785997,0.18103431
PROJ_DG761_20260723_213011_KST_4665FDF3E5CF,PE_7FF09AF2FEFE6A145386CF07,0.9935066,0.4733702
PROJ_DG761_20260723_213011_KST_4665FDF3E5CF,PE_800B51935EADCBD345A673F4,0.055347707,0.49819016
PROJ_DG761_20260723_213011_KST_4665FDF3E5CF,PE_801DD56EB3E0435721FC6DF4,0.36059678,0.0043532024
PROJ_DG761_20260723_213011_KST_4665FDF3E5CF,PE_8056ED3A0EEB3D36296702D0,0.7603007,0.1951809
PROJ_DG761_20260723_213011_KST_4665FDF3E5CF,PE_807E13AF6E41B41F54079526,0.06703659,0.843065
PROJ_DG761_20260723_213011_KST_4665FDF3E5CF,PE_80CA61BBE2454B768E62F16A,0.06751849,0.8435662
PROJ_DG761_20260723_213011_KST_4665FDF3E5CF,PE_81B34656FA93D022F7016498,0.044603817,0.4888046
PROJ_DG761_20260723_213011_KST_4665FDF3E5CF,PE_82E2BE10FE6E86C853769B23,0.60848683,0.47342363
PROJ_DG761_20260723_213011_KST_4665FDF3E5CF,PE_8333E8A9A6235C61E4D80354,0.06667821,0.61256665
PROJ_DG761_20260723_213011_KST_4665FDF3E5CF,PE_841F07CFF35F801641A8606F,0.22416145,0.6719773
PROJ_DG761_20260723_213011_KST_4665FDF3E5CF,PE_8465429112A28996DD7F304F,0.5417098,0.33041126
PROJ_DG761_20260723_213011_KST_4665FDF3E5CF,PE_84ABB502130F46A153787619,0.6109004,0.44527674
PROJ_DG761_20260723_213011_KST_4665FDF3E5CF,PE_84E16601077CC8CD71246766,0.359399,0.34207135
PROJ_DG761_20260723_213011_KST_4665FDF3E5CF,PE_855D34C5941130A3938C09D6,0.62385947,0.41247582
PROJ_DG761_20260723_213011_KST_4665FDF3E5CF,PE_85BD1DCBC5D821F8F0551387,0.14656448,0.6647065
PROJ_DG761_20260723_213011_KST_4665FDF3E5CF,PE_85F72718617F7B72E6F7A53E,0.98759836,0.4847361
PROJ_DG761_20260723_213011_KST_4665FDF3E5CF,PE_861E36260FEDA0F050E3147C,0.5413634,0.543387
PROJ_DG761_20260723_213011_KST_4665FDF3E5CF,PE_863B2D75660CFC34BDFC1EDA,0.70319307,0.98945063
PROJ_DG761_20260723_213011_KST_4665FDF3E5CF,PE_8694846EE5C75F9C6718456F,0.5430222,0.17600214
PROJ_DG761_20260723_213011_KST_4665FDF3E5CF,PE_87E583982D5D240942C61520,0.13881728,0.5219735
PROJ_DG761_20260723_213011_KST_4665FDF3E5CF,PE_88130B99EAACF75169276988,0.2711687,0.32170168
PROJ_DG761_20260723_213011_KST_4665FDF3E5CF,PE_881EC4DABA2B856BB8C4FC52,0.059984405,0.72007096
PROJ_DG761_20260723_213011_KST_4665FDF3E5CF,PE_89068708C7ED8FBA2A1D0C9B,0.36388984,0.63522387
PROJ_DG761_20260723_213011_KST_4665FDF3E5CF,PE_8917A2D27F9D18520E7844F7,0.55382556,0.5151931
PROJ_DG761_20260723_213011_KST_4665FDF3E5CF,PE_891D12F0C56F24B993131EC5,0.34693044,0.3224886
PROJ_DG761_20260723_213011_KST_4665FDF3E5CF,PE_89AE2DA53E1B071997686B0B,0.7701841,0.41401207
PROJ_DG761_20260723_213011_KST_4665FDF3E5CF,PE_89C629D5196008921067DF50,0.21368603,0.7729511
PROJ_DG761_20260723_213011_KST_4665FDF3E5CF,PE_89EC3936411A3603E409595B,0.7117578,0.32181305
PROJ_DG761_20260723_213011_KST_4665FDF3E5CF,PE_8A01FD1F530A225B9F70C7F5,0.61451954,0.48229745
PROJ_DG761_20260723_213011_KST_4665FDF3E5CF,PE_8A075F0225F60AE6B24CFB40,0.6319644,0.40280613
PROJ_DG761_20260723_213011_KST_4665FDF3E5CF,PE_8A55D619AC4584AE7C3C9113,0.088455945,0.6929805
PROJ_DG761_20260723_213011_KST_4665FDF3E5CF,PE_8AC73897600C2C9B61066712,0.69173115,0.23725209
PROJ_DG761_20260723_213011_KST_4665FDF3E5CF,PE_8AF49FFEE455504EDCC05747,0.7321229,0.21707463
PROJ_DG761_20260723_213011_KST_4665FDF3E5CF,PE_8AFF08C350197F0F927C0E22,0.47883564,0.4113229
PROJ_DG761_20260723_213011_KST_4665FDF3E5CF,PE_8BBBCBE7AC80BCF41917AC53,0.6057496,0.42148742
PROJ_DG761_20260723_213011_KST_4665FDF3E5CF,PE_8C75BCD303071778C7FFDF52,0.08508905,0.6980308
PROJ_DG761_20260723_213011_KST_4665FDF3E5CF,PE_8CD65EC0B84E4B43278781C8,0.13299857,0.539168
PROJ_DG761_20260723_213011_KST_4665FDF3E5CF,PE_8CFC4839BF8502523863CA75,0.24680977,0.6146758
PROJ_DG761_20260723_213011_KST_4665FDF3E5CF,PE_8D1269EF989E271B1A30EF30,0.5433272,0.33355045
PROJ_DG761_20260723_213011_KST_4665FDF3E5CF,PE_8DB453329D847D6AB68849F2,0.7745793,0.15892927
PROJ_DG761_20260723_213011_KST_4665FDF3E5CF,PE_8DB6EA9A16E78EA0908BB89A,0.7119324,0.24500404
PROJ_DG761_20260723_213011_KST_4665FDF3E5CF,PE_8E0FDDC865045F1BFD43BD58,0.13251334,0.6746083
PROJ_DG761_20260723_213011_KST_4665FDF3E5CF,PE_8E2299A84CD653F761BA9DD5,0.9730568,0.47559822
PROJ_DG761_20260723_213011_KST_4665FDF3E5CF,PE_8E27E88E1F18E904217624D9,0.33560842,0.34764692
PROJ_DG761_20260723_213011_KST_4665FDF3E5CF,PE_8E326E9FA24102CA20CEDD2B,0.47817615,0.41117787
PROJ_DG761_20260723_213011_KST_4665FDF3E5CF,PE_8EC26EBC3FCC28D9E42F2878,0.022394655,0.68727756
PROJ_DG761_20260723_213011_KST_4665FDF3E5CF,PE_8FC34914CBE800364D81EE27,0.08935082,0.653091
PROJ_DG761_20260723_213011_KST_4665FDF3E5CF,PE_9090EE291A8D7C5BE73C737C,0.099692054,0.67425114
PROJ_DG761_20260723_213011_KST_4665FDF3E5CF,PE_90967218B9CF4BDDE23B07D8,0.64617306,0.42040494
PROJ_DG761_20260723_213011_KST_4665FDF3E5CF,PE_913FC5EC8D2404DDC739B868,0.6071758,0.45281574
PROJ_DG761_20260723_213011_KST_4665FDF3E5CF,PE_916260626A139C9976F4695C,0.33150274,0.3435018
PROJ_DG761_20260723_213011_KST_4665FDF3E5CF,PE_9186E583B9C352E491A30964,0.15492742,0.6659104
PROJ_DG761_20260723_213011_KST_4665FDF3E5CF,PE_91929CC41108B12BD9832A3D,0.54548836,0.1767983
PROJ_DG761_20260723_213011_KST_4665FDF3E5CF,PE_92104D8B71876E1ECF9FBF4B,0.7725288,0.1552391
PROJ_DG761_20260723_213011_KST_4665FDF3E5CF,PE_921FEEC9FAFBA7B5AC698B78,0.1846038,0.62249607
PROJ_DG761_20260723_213011_KST_4665FDF3E5CF,PE_92D2B1E5C04394BA997219B6,0.61009556,0.3674
PROJ_DG761_20260723_213011_KST_4665FDF3E5CF,PE_92FC9381B5CCFD1F1C3A3F78,0.61370903,0.48275006
PROJ_DG761_20260723_213011_KST_4665FDF3E5CF,PE_9314FC596E01E50C99EBC97F,0.076221965,0.5973404
PROJ_DG761_20260723_213011_KST_4665FDF3E5CF,PE_94166066E4116A276DB27844,0.37502003,0.33750486
PROJ_DG761_20260723_213011_KST_4665FDF3E5CF,PE_94C67F7A7106C1F09BEDD8DC,0.9842764,0.48236117
PROJ_DG761_20260723_213011_KST_4665FDF3E5CF,PE_95003E9716EBD42ADBFAF7BE,0.54373765,0.5409058
PROJ_DG761_20260723_213011_KST_4665FDF3E5CF,PE_953B079E42767B59FE7F8551,0.6153958,0.4865551
PROJ_DG761_20260723_213011_KST_4665FDF3E5CF,PE_9544A7D402267F2DA1F0B1B2,0.29449192,0.5974415
PROJ_DG761_20260723_213011_KST_4665FDF3E5CF,PE_956CACA797EEF71C78842306,0.19635922,0.6815213
PROJ_DG761_20260723_213011_KST_4665FDF3E5CF,PE_95FCE8C95FC1906BD89C995D,0.06610166,0.71659356
PROJ_DG761_20260723_213011_KST_4665FDF3E5CF,PE_9608D988E61D94EF0D3FD20A,0.6162902,0.39564395
PROJ_DG761_20260723_213011_KST_4665FDF3E5CF,PE_9660BF34FA7FC934DEBE14A5,0.6654458,0.3427082
PROJ_DG761_20260723_213011_KST_4665FDF3E5CF,PE_96A9838E311CC4191CACA26E,0.35979903,0.003525362
PROJ_DG761_20260723_213011_KST_4665FDF3E5CF,PE_98399338B432E63B1F57C325,0.9846941,0.48273405
PROJ_DG761_20260723_213011_KST_4665FDF3E5CF,PE_983B2D20413EF7C134CE7DA9,0.9528156,0.8248457
PROJ_DG761_20260723_213011_KST_4665FDF3E5CF,PE_985692A69183B25EF3D5240C,0.086996704,0.6033393
PROJ_DG761_20260723_213011_KST_4665FDF3E5CF,PE_989EF1C4D930B896235E54B8,0.62079966,0.42696726
PROJ_DG761_20260723_213011_KST_4665FDF3E5CF,PE_997C03935A27180622ABD8CA,0.98425364,0.48028636
PROJ_DG761_20260723_213011_KST_4665FDF3E5CF,PE_99DE6E74C87FE441360BFED2,0.25334173,0.59214884
PROJ_DG761_20260723_213011_KST_4665FDF3E5CF,PE_99E7A87B8B4B5FE24B2B032D,0.6517025,0.38945284
PROJ_DG761_20260723_213011_KST_4665FDF3E5CF,PE_99F3D465D2EF78AF1094767C,0.2805458,0.53438103
PROJ_DG761_20260723_213011_KST_4665FDF3E5CF,PE_9A564F880162D65E814896F2,0.74852455,0.5163551
PROJ_DG761_20260723_213011_KST_4665FDF3E5CF,PE_9A6AB16244B8C3ED5076F0E6,0.5395922,0.5449482
PROJ_DG761_20260723_213011_KST_4665FDF3E5CF,PE_9B203CB2BBF3CADF24DDE082,0.0062443595,0.68630934
PROJ_DG761_20260723_213011_KST_4665FDF3E5CF,PE_9B2DE1D513EC7C27B3DB6C26,0.6256855,0.5170617
PROJ_DG761_20260723_213011_KST_4665FDF3E5CF,PE_9B32F6FA98726988EF7E6C1B,0.69665515,0.23205225
PROJ_DG761_20260723_213011_KST_4665FDF3E5CF,PE_9BABE12DA6CD3F4792CE3614,0.54214805,0.32850945
PROJ_DG761_20260723_213011_KST_4665FDF3E5CF,PE_9C2A10CB8CE621BB186CC5BF,0.9771384,0.49311402
PROJ_DG761_20260723_213011_KST_4665FDF3E5CF,PE_9D669446804FA3AAA2125823,0.7761535,0.1802165
PROJ_DG761_20260723_213011_KST_4665FDF3E5CF,PE_9D9A419A03A50C538A939403,0.06876763,0.8252177
PROJ_DG761_20260723_213011_KST_4665FDF3E5CF,PE_9DF6DA020D3FED49F830A159,0.27393508,0.3193419
PROJ_DG761_20260723_213011_KST_4665FDF3E5CF,PE_9E1758A97B517CF2D51B7F54,0.5526178,0.18319438
PROJ_DG761_20260723_213011_KST_4665FDF3E5CF,PE_9EE0394B971766AF4CCD0CDC,0.9370626,0.8118123
PROJ_DG761_20260723_213011_KST_4665FDF3E5CF,PE_9F320E9488FEE05EC58BCE0A,0.13338156,0.6599182
PROJ_DG761_20260723_213011_KST_4665FDF3E5CF,PE_9F48EAE54DA313805BC72145,0.7684472,0.41427982
PROJ_DG761_20260723_213011_KST_4665FDF3E5CF,PE_9F64D7C37E0FC19A103A9B55,0.09428969,0.70026773
PROJ_DG761_20260723_213011_KST_4665FDF3E5CF,PE_A02AA5F832061706F92DEBAE,0.7785678,0.15900947
PROJ_DG761_20260723_213011_KST_4665FDF3E5CF,PE_A0973895C1F13334A2269184,0.10323255,0.64421654
PROJ_DG761_20260723_213011_KST_4665FDF3E5CF,PE_A0AB2955DD6FE6357EFE3353,0.16286722,0.70703506
PROJ_DG761_20260723_213011_KST_4665FDF3E5CF,PE_A0FD4F3ADD6788A5A56ECDFE,0.44649866,0.5184689
PROJ_DG761_20260723_213011_KST_4665FDF3E5CF,PE_A162A8128C00E38C2403AB36,0.66427964,0.42830423
PROJ_DG761_20260723_213011_KST_4665FDF3E5CF,PE_A1633B946A3C1608E54A5A89,0.5947638,0.4262313
PROJ_DG761_20260723_213011_KST_4665FDF3E5CF,PE_A166BB1FCF799221823B99BC,0.54510057,0.18014678
PROJ_DG761_20260723_213011_KST_4665FDF3E5CF,PE_A1683E0269BAFE2F664BEDA8,0.0862132,0.6672155
PROJ_DG761_20260723_213011_KST_4665FDF3E5CF,PE_A1B8858C6B73054C31C54BF8,0.75154376,0.5133829
PROJ_DG761_20260723_213011_KST_4665FDF3E5CF,PE_A1FB06C0BC421B85F48E0958,0.34565848,0.35557264
PROJ_DG761_20260723_213011_KST_4665FDF3E5CF,PE_A23D8481239C1D6629C449F9,0.7016248,0.9926987
PROJ_DG761_20260723_213011_KST_4665FDF3E5CF,PE_A2D198CFF6B2BA1C1A99E486,0.20377868,0.60493267
PROJ_DG761_20260723_213011_KST_4665FDF3E5CF,PE_A30F609AF601E1D70B0FE8F7,0.08672606,0.6971998
PROJ_DG761_20260723_213011_KST_4665FDF3E5CF,PE_A43F2850FC01356E2BA98F3F,0.09048504,0.68653685
PROJ_DG761_20260723_213011_KST_4665FDF3E5CF,PE_A48758E3713151D9D26A58DF,0.13336645,0.58717287
PROJ_DG761_20260723_213011_KST_4665FDF3E5CF,PE_A4CD72043D4C5A8598EDD59C,0.7755394,0.40938202
PROJ_DG761_20260723_213011_KST_4665FDF3E5CF,PE_A4F2FEA59E3F0E95C20A2415,0.63849705,0.42381522
PROJ_DG761_20260723_213011_KST_4665FDF3E5CF,PE_A4F6E961DE29CF45013E6639,0.48176375,0.40839624
PROJ_DG761_20260723_213011_KST_4665FDF3E5CF,PE_A50BAC59D76D7364AD115D1A,0.9889987,0.47666404
PROJ_DG761_20260723_213011_KST_4665FDF3E5CF,PE_A51D9AFEE44B0B583B5C612A,0.48241884,0.4065871
PROJ_DG761_20260723_213011_KST_4665FDF3E5CF,PE_A535F075D9203371FD2ECD43,0.7771185,0.14983007
PROJ_DG761_20260723_213011_KST_4665FDF3E5CF,PE_A5998DD42CE0EFDA875BF8D9,0.32500315,0.34852287
PROJ_DG761_20260723_213011_KST_4665FDF3E5CF,PE_A5EC117C0C5EF3ACD0611657,0.7640344,0.15942301
PROJ_DG761_20260723_213011_KST_4665FDF3E5CF,PE_A62F3D8190C81AFAB39C7E13,0.44898298,0.51583004
PROJ_DG761_20260723_213011_KST_4665FDF3E5CF,PE_A68431430A720E49F569FAD8,0.33845875,0.5672248
PROJ_DG761_20260723_213011_KST_4665FDF3E5CF,PE_A6E0225BCBBAFEC9ECFFE9F8,0.28080085,0.32454303
PROJ_DG761_20260723_213011_KST_4665FDF3E5CF,PE_A71FCC1701690CF3852BD369,0.1661416,0.6279654
PROJ_DG761_20260723_213011_KST_4665FDF3E5CF,PE_A79482DACDAE17CC1B346DD0,0.28992417,0.66691214
PROJ_DG761_20260723_213011_KST_4665FDF3E5CF,PE_A8170843038E0C25E91B1D6A,0.258593,0.56670225
PROJ_DG761_20260723_213011_KST_4665FDF3E5CF,PE_A872AF1C0241C2FE08703452,0.76041543,0.18042687
PROJ_DG761_20260723_213011_KST_4665FDF3E5CF,PE_A8D1769CEC96B12014C1E30A,0.27212515,0.32167765
PROJ_DG761_20260723_213011_KST_4665FDF3E5CF,PE_A9FDC10D4DA6E3DFDD168EEE,0.20170729,0.67814463
PROJ_DG761_20260723_213011_KST_4665FDF3E5CF,PE_AA3E2A2B8B8B1E8D8AEBC015,0.6094395,0.43075305
PROJ_DG761_20260723_213011_KST_4665FDF3E5CF,PE_AA462C7204A6E90AA855B54E,0.1141908,0.6210355
PROJ_DG761_20260723_213011_KST_4665FDF3E5CF,PE_AA91CA67724FAEC02B6E5D5E,0.123314604,0.669214
PROJ_DG761_20260723_213011_KST_4665FDF3E5CF,PE_AAE77705F1BCF59E9BEFB3AB,0.9558001,0.82592255
PROJ_DG761_20260723_213011_KST_4665FDF3E5CF,PE_AB13B9803CB5E7BDAF95943C,0.109135754,0.6305898
PROJ_DG761_20260723_213011_KST_4665FDF3E5CF,PE_ABD1C5ABE6CAA1D1D57D9D97,0.53099144,0.19298212
PROJ_DG761_20260723_213011_KST_4665FDF3E5CF,PE_AC2D3633D5E4BB106FBF5352,0.65735674,0.42461565
PROJ_DG761_20260723_213011_KST_4665FDF3E5CF,PE_ACDA28AEB4B8362E04E5F7E2,0.22177154,0.5573603
PROJ_DG761_20260723_213011_KST_4665FDF3E5CF,PE_AD7D4F9FEF1D19C4D3B64E8A,0.031546075,0.6816536
PROJ_DG761_20260723_213011_KST_4665FDF3E5CF,PE_ADED54D184DB1EB27695A2C2,0.05103933,0.73478895
PROJ_DG761_20260723_213011_KST_4665FDF3E5CF,PE_AE8BFF886C91A42252DE238E,0.105269305,0.6463623
PROJ_DG761_20260723_213011_KST_4665FDF3E5CF,PE_AEDD8346877D95B432B89F96,0.48423043,0.40655875
PROJ_DG761_20260723_213011_KST_4665FDF3E5CF,PE_AEEE03948E4041F3D3F27A3D,0.33870566,0.56546223
PROJ_DG761_20260723_213011_KST_4665FDF3E5CF,PE_AF0740FE62AB872B1E2D77DC,0.10219333,0.6988092
PROJ_DG761_20260723_213011_KST_4665FDF3E5CF,PE_AF27C68D77E391C40288C6EE,0.70526826,0.98846924
PROJ_DG761_20260723_213011_KST_4665FDF3E5CF,PE_AF525085EA4F71D7EBD67BC0,0.5308,0.5491694
PROJ_DG761_20260723_213011_KST_4665FDF3E5CF,PE_AFD76FB89025F8EE8FBDFC0A,0.3090239,0.59566474
PROJ_DG761_20260723_213011_KST_4665FDF3E5CF,PE_B016E68DE406D97C6B07BAA8,0.94347507,0.8165507
PROJ_DG761_20260723_213011_KST_4665FDF3E5CF,PE_B04767FCAB5AC2B2B1903D2B,0.21153924,0.7783871
PROJ_DG761_20260723_213011_KST_4665FDF3E5CF,PE_B111AB222B790EC2B9B4D2AE,0.030296614,0.67724246
PROJ_DG761_20260723_213011_KST_4665FDF3E5CF,PE_B18FD44688C4AFDF3B9F6ACB,0.9892591,0.47402093
PROJ_DG761_20260723_213011_KST_4665FDF3E5CF,PE_B19D08179186CDE0918D2538,0.63081735,0.5043214
PROJ_DG761_20260723_213011_KST_4665FDF3E5CF,PE_B1E991D371BE722772832895,0.3399343,0.5663611
PROJ_DG761_20260723_213011_KST_4665FDF3E5CF,PE_B212718D642F82E192F98562,0.9887449,0.48278764
PROJ_DG761_20260723_213011_KST_4665FDF3E5CF,PE_B27B3CAEDA6A6F9865152B7A,0.14014816,0.65719086
PROJ_DG761_20260723_213011_KST_4665FDF3E5CF,PE_B30E6A72DB7D4600FF9A18B1,0.94740343,0.82053995
PROJ_DG761_20260723_213011_KST_4665FDF3E5CF,PE_B37F7E32BDB67718FE111285,0.09432416,0.7309215
PROJ_DG761_20260723_213011_KST_4665FDF3E5CF,PE_B3AB9739B9ABB34845C72402,0.06129093,0.8417483
PROJ_DG761_20260723_213011_KST_4665FDF3E5CF,PE_B3AF8F6F74683E74A4356FE5,0.018393828,0.684949
PROJ_DG761_20260723_213011_KST_4665FDF3E5CF,PE_B41D3D16950DAB876104F990,0.54248,0.17750031
PROJ_DG761_20260723_213011_KST_4665FDF3E5CF,PE_B4C9EB57009D05FDC9513AFE,0.9969574,0.4775905
PROJ_DG761_20260723_213011_KST_4665FDF3E5CF,PE_B54CAEED5F0A8396E2B10A87,0.48485112,0.4037129
PROJ_DG761_20260723_213011_KST_4665FDF3E5CF,PE_B5846E4987BA3289254333A0,0.76829237,0.18990244
PROJ_DG761_20260723_213011_KST_4665FDF3E5CF,PE_B5BC710FAAC4B66633212ABA,0.78731966,0.15192802
PROJ_DG761_20260723_213011_KST_4665FDF3E5CF,PE_B5DE9F3C58C9D2C6C82882FD,0.20299846,0.57023215
PROJ_DG761_20260723_213011_KST_4665FDF3E5CF,PE_B64932B94914844DC6F0F3B4,0.14318272,0.52866584
PROJ_DG761_20260723_213011_KST_4665FDF3E5CF,PE_B69C1B800D6726150729877E,0.54437953,0.3321552
PROJ_DG761_20260723_213011_KST_4665FDF3E5CF,PE_B6D5B0437B72C60E0159BCA1,0.7764842,0.14872478
PROJ_DG761_20260723_213011_KST_4665FDF3E5CF,PE_B77DD6D0E33C0C7AFD468446,0.65776104,0.40003452
PROJ_DG761_20260723_213011_KST_4665FDF3E5CF,PE_B77F3C6122B3993AB2103E5A,0.2026174,0.55999184
PROJ_DG761_20260723_213011_KST_4665FDF3E5CF,PE_B7F97BB77A801F7F7E6AC9A2,0.7322545,0.31435493
PROJ_DG761_20260723_213011_KST_4665FDF3E5CF,PE_B829B3453C27471B6BB38DA4,0.45635694,0.5089187
PROJ_DG761_20260723_213011_KST_4665FDF3E5CF,PE_B872A4D3D18D828F82C3EBF9,0.94289726,0.81447506
PROJ_DG761_20260723_213011_KST_4665FDF3E5CF,PE_B8740D623D9FBB9534F6AC53,0.27469492,0.32425958
PROJ_DG761_20260723_213011_KST_4665FDF3E5CF,PE_B8BA6F12F5C72454DE399CC0,0.6193129,0.42387706
PROJ_DG761_20260723_213011_KST_4665FDF3E5CF,PE_B9C9D99E859BE7BEAE27C8ED,0.9744261,0.48771045
PROJ_DG761_20260723_213011_KST_4665FDF3E5CF,PE_B9D6BBFA472AD2DF2A8B7A8B,0.76304436,0.42136717
PROJ_DG761_20260723_213011_KST_4665FDF3E5CF,PE_BA27DE8EA1A7ED55D5484355,0.58882374,0.40559322
PROJ_DG761_20260723_213011_KST_4665FDF3E5CF,PE_BA9B843A350D6151A7C1BA9C,0.7503695,0.5167608
PROJ_DG761_20260723_213011_KST_4665FDF3E5CF,PE_BADA23B062CD6791F58738A6,0.71065295,0.9882866
PROJ_DG761_20260723_213011_KST_4665FDF3E5CF,PE_BAF7736EBE545659A7E4FE91,0.21466012,0.77717257
PROJ_DG761_20260723_213011_KST_4665FDF3E5CF,PE_BB0E2DEBBF4DC05EC1035FE5,0.33946335,0.5668951
PROJ_DG761_20260723_213011_KST_4665FDF3E5CF,PE_BB31C76F7E4A17F7599AB8FF,0.95559764,0.82890105
PROJ_DG761_20260723_213011_KST_4665FDF3E5CF,PE_BB7C2974FE49C15A40C715B3,0.18418948,0.67682755
PROJ_DG761_20260723_213011_KST_4665FDF3E5CF,PE_BBE364A26670CD1A4E4A9200,0.3621835,0.0030408888
PROJ_DG761_20260723_213011_KST_4665FDF3E5CF,PE_BC3C55ECA87869BABC0B4EDE,0.5505043,0.5305637
PROJ_DG761_20260723_213011_KST_4665FDF3E5CF,PE_BCA47C518CDB2A3544FD8F3D,0.3263684,0.30162427
PROJ_DG761_20260723_213011_KST_4665FDF3E5CF,PE_BCB3E2F5A2D55852327D6ED9,0.95163196,0.8228731
PROJ_DG761_20260723_213011_KST_4665FDF3E5CF,PE_BCE6C0EC9E1756FEDCEE87B1,0.473705,0.41538203
PROJ_DG761_20260723_213011_KST_4665FDF3E5CF,PE_BDD082A90BBD0184FA952028,0.12949544,0.76268655
PROJ_DG761_20260723_213011_KST_4665FDF3E5CF,PE_BDD11A0D1B8DFF0EB8EC789E,0.9453702,0.82111657
PROJ_DG761_20260723_213011_KST_4665FDF3E5CF,PE_BE06D9F3269D0A405441534E,0.5511709,0.18552172
PROJ_DG761_20260723_213011_KST_4665FDF3E5CF,PE_BEE1CA21397DC3E0577CDF15,0.06361034,0.84064376
PROJ_DG761_20260723_213011_KST_4665FDF3E5CF,PE_BEEE472A811B0E5E43806BA2,0.18441582,0.6736314
PROJ_DG761_20260723_213011_KST_4665FDF3E5CF,PE_BFA0A35A01AA5F2D36842FCE,0.046773445,0.4932409
PROJ_DG761_20260723_213011_KST_4665FDF3E5CF,PE_BFC0703C53BDF81069A21A4F,0.028039971,0.67102057
PROJ_DG761_20260723_213011_KST_4665FDF3E5CF,PE_BFECDC7173BCFEFDE4650773,0.37177756,0.6431667
PROJ_DG761_20260723_213011_KST_4665FDF3E5CF,PE_C0054D9C7948231CD25C3CBA,0.6241164,0.40095896
PROJ_DG761_20260723_213011_KST_4665FDF3E5CF,PE_C0B8359A9AF6A6C54FE18E77,0.14379874,0.5223765
PROJ_DG761_20260723_213011_KST_4665FDF3E5CF,PE_C120FC5D93713CFAEFF1289E,0.12375401,0.5896383
PROJ_DG761_20260723_213011_KST_4665FDF3E5CF,PE_C1754F331C23604BB2996FC3,0.74688196,0.16870402
PROJ_DG761_20260723_213011_KST_4665FDF3E5CF,PE_C18615B25CDD5D4EA703542E,0.12396874,0.7019225
PROJ_DG761_20260723_213011_KST_4665FDF3E5CF,PE_C1A9F974ED4383279E1CC006,0.041007977,0.74385184
PROJ_DG761_20260723_213011_KST_4665FDF3E5CF,PE_C20FD928E364D2131A490508,0.11428302,0.6598524
PROJ_DG761_20260723_213011_KST_4665FDF3E5CF,PE_C22366A791F62599415FB48C,0.21494116,0.77928597
PROJ_DG761_20260723_213011_KST_4665FDF3E5CF,PE_C25C6046E9730CE983623D53,0.08110281,0.6098053
PROJ_DG761_20260723_213011_KST_4665FDF3E5CF,PE_C2A51AC8A6F956B435DE094B,0.65254366,0.5012421
PROJ_DG761_20260723_213011_KST_4665FDF3E5CF,PE_C2C271FC484C530E6ACEA591,0.112513505,0.6232978
PROJ_DG761_20260723_213011_KST_4665FDF3E5CF,PE_C34BD4BE07F3C1EB8FFC95AC,0.29230934,0.6636079
PROJ_DG761_20260723_213011_KST_4665FDF3E5CF,PE_C36785D54D907DA27453555E,0.36013994,0.0002884861
PROJ_DG761_20260723_213011_KST_4665FDF3E5CF,PE_C3B23B7637BD43677262AF10,0.27312145,0.32067186
PROJ_DG761_20260723_213011_KST_4665FDF3E5CF,PE_C49DE73C872C55FBD8827C1A,0.6973876,0.98287165
PROJ_DG761_20260723_213011_KST_4665FDF3E5CF,PE_C51095E85D30858D78250F42,0.613421,0.37172848
PROJ_DG761_20260723_213011_KST_4665FDF3E5CF,PE_C5226F0AEC21B1BE957D1D28,0.66139,0.36585698
PROJ_DG761_20260723_213011_KST_4665FDF3E5CF,PE_C55DC27DE2BB28C4C782ED40,0.95231,0.81418496
PROJ_DG761_20260723_213011_KST_4665FDF3E5CF,PE_C58E644374EE9ADBA7613BF7,0.109017,0.70028025
PROJ_DG761_20260723_213011_KST_4665FDF3E5CF,PE_C61783B319703D1FB1A80EFE,0.13105933,0.6492748
PROJ_DG761_20260723_213011_KST_4665FDF3E5CF,PE_C6988CC91F53858994ABC146,0.2089622,0.5522078
PROJ_DG761_20260723_213011_KST_4665FDF3E5CF,PE_C6CFDFAB8EC8976A7826F187,0.5781283,0.4251709
PROJ_DG761_20260723_213011_KST_4665FDF3E5CF,PE_C6E37FD85A84E0CB5DA739C6,0.7649832,0.41341537
PROJ_DG761_20260723_213011_KST_4665FDF3E5CF,PE_C721DB6813968EB433185BB0,0.13966587,0.5243323
PROJ_DG761_20260723_213011_KST_4665FDF3E5CF,PE_C77655BCC2BE0E9877422541,0.5446757,0.32749623
PROJ_DG761_20260723_213011_KST_4665FDF3E5CF,PE_C79EE8249B7980733056925F,0.25190187,0.5662561
PROJ_DG761_20260723_213011_KST_4665FDF3E5CF,PE_C79F154A223A22F2E75819B0,0.5427592,0.54232365
PROJ_DG761_20260723_213011_KST_4665FDF3E5CF,PE_C7C86FACA9B303243707DB77,0.20381476,0.5883025
PROJ_DG761_20260723_213011_KST_4665FDF3E5CF,PE_C858778BAA69CCA8722EB64A,0.7453371,0.5126117
PROJ_DG761_20260723_213011_KST_4665FDF3E5CF,PE_C8855599A0164A1C7709CCA8,0.32767275,0.30406734
PROJ_DG761_20260723_213011_KST_4665FDF3E5CF,PE_C8C89D5DD310EFC6A4AE34DC,0.261669,0.7052796
PROJ_DG761_20260723_213011_KST_4665FDF3E5CF,PE_C900A3F442E7B2B16CC4745B,0.6226184,0.51310503
PROJ_DG761_20260723_213011_KST_4665FDF3E5CF,PE_C9447F7149061D96FFEF53C5,0.77285546,0.41574183
PROJ_DG761_20260723_213011_KST_4665FDF3E5CF,PE_C967D8A788C916E3C15D4E2E,0.6453519,0.37945196
PROJ_DG761_20260723_213011_KST_4665FDF3E5CF,PE_C99ABE096702311326D0681C,0.14375143,0.51971936
PROJ_DG761_20260723_213011_KST_4665FDF3E5CF,PE_CA4CF2347594C4CE813F5D39,0.2142346,0.7298891
PROJ_DG761_20260723_213011_KST_4665FDF3E5CF,PE_CA56D203F0A802C72BCC7409,0.70821315,0.9935067
PROJ_DG761_20260723_213011_KST_4665FDF3E5CF,PE_CA7146D56F4F0BD57C26E627,0.10061114,0.7119406
PROJ_DG761_20260723_213011_KST_4665FDF3E5CF,PE_CB8060745D4DAAD697AD95F2,0.9541374,0.8252855
PROJ_DG761_20260723_213011_KST_4665FDF3E5CF,PE_CBBF4EF26BACDA1D6AE2B879,0.06354038,0.8358333
PROJ_DG761_20260723_213011_KST_4665FDF3E5CF,PE_CBCE8F05811149BD6EA23F64,0.62297356,0.49839354
PROJ_DG761_20260723_213011_KST_4665FDF3E5CF,PE_CBE207C1CF2C1C706C5E2C6D,0.09490443,0.7076544
PROJ_DG761_20260723_213011_KST_4665FDF3E5CF,PE_CD91E736EBFABD16644093A4,0.53863144,0.17384583
PROJ_DG761_20260723_213011_KST_4665FDF3E5CF,PE_CDC32B2704FCC1D4A04B4356,0.628378,0.5099457
PROJ_DG761_20260723_213011_KST_4665FDF3E5CF,PE_CEA69E08BF0DC1EF0C01500B,0.32327726,0.3467671
PROJ_DG761_20260723_213011_KST_4665FDF3E5CF,PE_CEE49191F5052E706EE7F60A,0.0039184336,0.57821643
PROJ_DG761_20260723_213011_KST_4665FDF3E5CF,PE_CF2A5FB13C8E1A873AE7B9DF,0.1284988,0.5574914
PROJ_DG761_20260723_213011_KST_4665FDF3E5CF,PE_CF3F0FCD63C0131861F397DA,0.94748235,0.8213222
PROJ_DG761_20260723_213011_KST_4665FDF3E5CF,PE_CFCCCFB6F91422FCDB11FE9A,0.17533505,0.6209721
PROJ_DG761_20260723_213011_KST_4665FDF3E5CF,PE_CFD49000AFBDF5E1FD586E67,0.12762596,0.5748015
PROJ_DG761_20260723_213011_KST_4665FDF3E5CF,PE_D0C8EDCB45108BDC38C5E114,0.16078162,0.6715822
PROJ_DG761_20260723_213011_KST_4665FDF3E5CF,PE_D1A12F6C84232A1E0C34DED9,0.54643273,0.18193826
PROJ_DG761_20260723_213011_KST_4665FDF3E5CF,PE_D25A34EB315A3A9349924430,0.6171036,0.43401465
PROJ_DG761_20260723_213011_KST_4665FDF3E5CF,PE_D2DFC0D218CB8579EF7AA2F7,0.15888222,0.6740575
PROJ_DG761_20260723_213011_KST_4665FDF3E5CF,PE_D372355C440F7B09BF7F7F1D,0.12563379,0.66887575
PROJ_DG761_20260723_213011_KST_4665FDF3E5CF,PE_D38F991EC543E6B2B3736821,0.48460805,0.4057067
PROJ_DG761_20260723_213011_KST_4665FDF3E5CF,PE_D3A3E907513CD34A1D7321E6,0.33553025,0.35379782
PROJ_DG761_20260723_213011_KST_4665FDF3E5CF,PE_D3BA5D4B306C85F2E73C49B6,0.5474056,0.41055977
PROJ_DG761_20260723_213011_KST_4665FDF3E5CF,PE_D41FE3385F806E438413E1CA,0.16406214,0.63052016
PROJ_DG761_20260723_213011_KST_4665FDF3E5CF,PE_D4CDE9E042185387D05C7F67,0.7457415,0.18116471
PROJ_DG761_20260723_213011_KST_4665FDF3E5CF,PE_D51D906D5256333D49A725AC,0.11512838,0.6197977
PROJ_DG761_20260723_213011_KST_4665FDF3E5CF,PE_D575DDF218FD62DFCE1B019B,0.7379462,0.19942428
PROJ_DG761_20260723_213011_KST_4665FDF3E5CF,PE_D5CBF0ED78FC80DC70EB7FAC,0.6010818,0.40693352
PROJ_DG761_20260723_213011_KST_4665FDF3E5CF,PE_D63C3360ABAC4BA36F6CA1D9,0.26107824,0.704621
PROJ_DG761_20260723_213011_KST_4665FDF3E5CF,PE_D6958337D6C604A1918A8FE0,0.6265449,0.5071277
PROJ_DG761_20260723_213011_KST_4665FDF3E5CF,PE_D6B04BAA44D7EC0B5567BA77,0.31100118,0.62719023
PROJ_DG761_20260723_213011_KST_4665FDF3E5CF,PE_D6BA044F3195F9CC92313729,0.76869017,0.15747185
PROJ_DG761_20260723_213011_KST_4665FDF3E5CF,PE_D6F5306F696D2C99F473AB47,0.9467041,0.81813926
PROJ_DG761_20260723_213011_KST_4665FDF3E5CF,PE_D710DB11456314852B937A09,0.23732501,0.60623914
PROJ_DG761_20260723_213011_KST_4665FDF3E5CF,PE_D74E1F8525A7D025062D0E4D,0.765513,0.16273335
PROJ_DG761_20260723_213011_KST_4665FDF3E5CF,PE_D7D88F302C4C0B302A40CE17,0.054194074,0.73211706
PROJ_DG761_20260723_213011_KST_4665FDF3E5CF,PE_D7F67DBAA280B28D9CFABC87,0.716625,0.9935261
PROJ_DG761_20260723_213011_KST_4665FDF3E5CF,PE_D8201218DE88CBA3313164A1,0.9478069,0.8200724
PROJ_DG761_20260723_213011_KST_4665FDF3E5CF,PE_D8328B79EFD2B1D3124F4B64,0.10497845,0.6316932
PROJ_DG761_20260723_213011_KST_4665FDF3E5CF,PE_D842B3E3C9944941D746129D,0.62733096,0.5163146
PROJ_DG761_20260723_213011_KST_4665FDF3E5CF,PE_D85C1D78D8FCB817088A169D,0.60818905,0.3624157
PROJ_DG761_20260723_213011_KST_4665FDF3E5CF,PE_D8C3872603A2E56C5090A263,0.7697696,0.17524274
PROJ_DG761_20260723_213011_KST_4665FDF3E5CF,PE_D973764935DDD42F135E003B,0.9938326,0.47939816
PROJ_DG761_20260723_213011_KST_4665FDF3E5CF,PE_DA52C85E99329EABD320A0A3,0.711883,0.9980225
PROJ_DG761_20260723_213011_KST_4665FDF3E5CF,PE_DAC3FD16F04E93DA791583FC,0.942192,0.8291482
PROJ_DG761_20260723_213011_KST_4665FDF3E5CF,PE_DB28E037937898F5BC70919E,0.057680868,0.5838014
PROJ_DG761_20260723_213011_KST_4665FDF3E5CF,PE_DB9FDFBBCDC2AC8AF77A2636,0.6592964,0.4308071
PROJ_DG761_20260723_213011_KST_4665FDF3E5CF,PE_DBCAF2E631B741FAFCC28EFE,0.287305,0.6651327
PROJ_DG761_20260723_213011_KST_4665FDF3E5CF,PE_DBF7D65D13B5F0DA1C45BE45,0.17495222,0.64947224
PROJ_DG761_20260723_213011_KST_4665FDF3E5CF,PE_DC519C436B7926B337C347B7,0.6281939,0.43681356
PROJ_DG761_20260723_213011_KST_4665FDF3E5CF,PE_DCC0D35EC91F5FF71F2A7D70,0.13996059,0.5245564
PROJ_DG761_20260723_213011_KST_4665FDF3E5CF,PE_DD072F910B51CF2F688DE515,0.61316335,0.4691701
PROJ_DG761_20260723_213011_KST_4665FDF3E5CF,PE_DD144F175A9B431F5BF1DDB8,0.066617705,0.8351347
PROJ_DG761_20260723_213011_KST_4665FDF3E5CF,PE_DD8FFD74044D87C4A0E9BC0B,0.9927586,0.4764974
PROJ_DG761_20260723_213011_KST_4665FDF3E5CF,PE_DE071007DDB69502545510A8,0.24544103,0.6082194
PROJ_DG761_20260723_213011_KST_4665FDF3E5CF,PE_DE09670C55D2F052715F19EC,0.9342888,0.8247383
PROJ_DG761_20260723_213011_KST_4665FDF3E5CF,PE_DE2E73B96852105DA70B71AF,0.13929142,0.5245598
PROJ_DG761_20260723_213011_KST_4665FDF3E5CF,PE_DE637FF9D809931BDBA21ABA,0.61028177,0.4261241
PROJ_DG761_20260723_213011_KST_4665FDF3E5CF,PE_DEA154636D2A9A1D92679C55,0.5408285,0.3300418
PROJ_DG761_20260723_213011_KST_4665FDF3E5CF,PE_DF719BEF71CB7AA1AB711CC6,0.74283403,0.5134051
PROJ_DG761_20260723_213011_KST_4665FDF3E5CF,PE_DFCEBD087A34DB8779DAB9B2,0.54526335,0.53951466
PROJ_DG761_20260723_213011_KST_4665FDF3E5CF,PE_DFD8BE3D7DA67ABF4F2974BD,0.33679843,0.30539823
PROJ_DG761_20260723_213011_KST_4665FDF3E5CF,PE_DFEF77E07F8D99093A1DC53F,0.25124764,0.56771696
PROJ_DG761_20260723_213011_KST_4665FDF3E5CF,PE_E02D909EB157472F7338ED54,0.6075377,0.4033897
PROJ_DG761_20260723_213011_KST_4665FDF3E5CF,PE_E0870EF92CD560798AD2AAA2,0.060321003,0.83789945
PROJ_DG761_20260723_213011_KST_4665FDF3E5CF,PE_E17C01ADBC84FB78517FA138,0.64311045,0.41726822
PROJ_DG761_20260723_213011_KST_4665FDF3E5CF,PE_E218B3C5F960117691FFFD5E,0.114581674,0.6899126
PROJ_DG761_20260723_213011_KST_4665FDF3E5CF,PE_E2AA3042688B57F89274E102,0.6143115,0.40229332
PROJ_DG761_20260723_213011_KST_4665FDF3E5CF,PE_E2BED44EB8B23D9601D3405A,0.0074272943,0.58054906
PROJ_DG761_20260723_213011_KST_4665FDF3E5CF,PE_E3974DF472C16EA8A326AD10,0.62934166,0.50564283
PROJ_DG761_20260723_213011_KST_4665FDF3E5CF,PE_E3A71A085DB90CAE10F4FA68,0.29331502,0.66322505
PROJ_DG761_20260723_213011_KST_4665FDF3E5CF,PE_E415CC935C25DF5C2D46ADD1,0.71262217,0.9907768
PROJ_DG761_20260723_213011_KST_4665FDF3E5CF,PE_E4FAA5452F5F4F05AA54ECB8,0.05229664,0.63655347
PROJ_DG761_20260723_213011_KST_4665FDF3E5CF,PE_E51A1B1F72A61142F5BAD3E1,0.77033854,0.15995815
PROJ_DG761_20260723_213011_KST_4665FDF3E5CF,PE_E5887CEDD5D6B44D4FC12FA9,0.10874771,0.68612146
PROJ_DG761_20260723_213011_KST_4665FDF3E5CF,PE_E5A117B70F26B67F4BAE9C00,0.76690674,0.1446703
PROJ_DG761_20260723_213011_KST_4665FDF3E5CF,PE_E5ABA688D02C89F7BADFBE32,0.3626292,0.0016936422
PROJ_DG761_20260723_213011_KST_4665FDF3E5CF,PE_E5D9B9BB5A6B08D7033AB924,0.2120338,0.62266505
PROJ_DG761_20260723_213011_KST_4665FDF3E5CF,PE_E72CB056C4BA022CC405821A,0.368722,0.008302911
PROJ_DG761_20260723_213011_KST_4665FDF3E5CF,PE_E743A0FA4ECC6B6D985B52EA,0.7472845,0.18655536
PROJ_DG761_20260723_213011_KST_4665FDF3E5CF,PE_E76437DB9EBC6E566ABBDF6E,0.12856819,0.59756833
PROJ_DG761_20260723_213011_KST_4665FDF3E5CF,PE_E7C478005F1894F9D6DB6B57,0.10667935,0.6717549
PROJ_DG761_20260723_213011_KST_4665FDF3E5CF,PE_E7E501D905818790C06614EB,0.9776314,0.48376694
PROJ_DG761_20260723_213011_KST_4665FDF3E5CF,PE_E8457EE125E5A19E80B75AA4,0.29132453,0.6655512
PROJ_DG761_20260723_213011_KST_4665FDF3E5CF,PE_E914C662499184991B14C3F8,0.34333953,0.32554916
PROJ_DG761_20260723_213011_KST_4665FDF3E5CF,PE_E99C874E67568A1308B97F04,0.257096,0.7097229
PROJ_DG761_20260723_213011_KST_4665FDF3E5CF,PE_E9D269B1A1F6F2436E13C6AA,0.53963315,0.17817783
PROJ_DG761_20260723_213011_KST_4665FDF3E5CF,PE_E9E08CB6109401AF89A14DC2,0.06241784,0.72301036
PROJ_DG761_20260723_213011_KST_4665FDF3E5CF,PE_E9E46689A028972F3DE26915,0.2159012,0.6820741
PROJ_DG761_20260723_213011_KST_4665FDF3E5CF,PE_EA5594D74D4A74B9F271D094,0.13846675,0.76259327
PROJ_DG761_20260723_213011_KST_4665FDF3E5CF,PE_EA84E807735DC448437A9A88,0.7851502,0.14773835
PROJ_DG761_20260723_213011_KST_4665FDF3E5CF,PE_EAF8C910186A7FCB622E4681,0.16340359,0.70925623
PROJ_DG761_20260723_213011_KST_4665FDF3E5CF,PE_EB4574976582F426CFCD881E,0.23376293,0.5424663
PROJ_DG761_20260723_213011_KST_4665FDF3E5CF,PE_EB5112A6FD671DE5021C0215,0.062491704,0.6004484
PROJ_DG761_20260723_213011_KST_4665FDF3E5CF,PE_EBE36350E54653A7815D7B68,0.27546087,0.32370418
PROJ_DG761_20260723_213011_KST_4665FDF3E5CF,PE_ECA8E7A0EF0E037C2116F97F,0.0012591677,0.5774257
PROJ_DG761_20260723_213011_KST_4665FDF3E5CF,PE_ECFFBEE35981C4253DA3D2F8,0.76469123,0.14388469
PROJ_DG761_20260723_213011_KST_4665FDF3E5CF,PE_ED3F84EB484F61148E6E6BA8,0.70938826,0.9951778
PROJ_DG761_20260723_213011_KST_4665FDF3E5CF,PE_ED45E63289D4D2C14D52EA9F,0.54296166,0.33240128
PROJ_DG761_20260723_213011_KST_4665FDF3E5CF,PE_ED6415EEA0FEE8A566E96E87,0.7384339,0.51017845
PROJ_DG761_20260723_213011_KST_4665FDF3E5CF,PE_EE04E2CCA6070E5DFE277DBA,0.76634043,0.16464125
PROJ_DG761_20260723_213011_KST_4665FDF3E5CF,PE_EF1CBDE3454BB75543568EC8,0.31567284,0.62091106
PROJ_DG761_20260723_213011_KST_4665FDF3E5CF,PE_EF3C10636BC7F5AB97D99418,0.97395486,0.4871613
PROJ_DG761_20260723_213011_KST_4665FDF3E5CF,PE_EF96382526282613E3762B51,0.37177896,0.64284766
PROJ_DG761_20260723_213011_KST_4665FDF3E5CF,PE_EFAB0CBDF43B007CD6BE1C3D,0.124382004,0.65181077
PROJ_DG761_20260723_213011_KST_4665FDF3E5CF,PE_EFE015F5BC637626F4D93740,0.02554116,0.6321158
PROJ_DG761_20260723_213011_KST_4665FDF3E5CF,PE_EFE8720AC23F22FE0C01FF9A,0.115455024,0.6600434
PROJ_DG761_20260723_213011_KST_4665FDF3E5CF,PE_F01D4701EF75E88DF26399C1,0.61667436,0.42177814
PROJ_DG761_20260723_213011_KST_4665FDF3E5CF,PE_F0805FE98370283D59132B70,0.9399464,0.81337804
PROJ_DG761_20260723_213011_KST_4665FDF3E5CF,PE_F0808CA7FA07C7390E09E13F,0.21121578,0.6758845
PROJ_DG761_20260723_213011_KST_4665FDF3E5CF,PE_F1DEA7F4E551B0FF09D000D9,0.57774365,0.4998291
PROJ_DG761_20260723_213011_KST_4665FDF3E5CF,PE_F31C12325578C32BD55EA3CA,0.54730046,0.18246828
PROJ_DG761_20260723_213011_KST_4665FDF3E5CF,PE_F325F0C94B0ED5C1FF0DCA5F,0.74717975,0.5138977
PROJ_DG761_20260723_213011_KST_4665FDF3E5CF,PE_F3B80CD949B52B9D1F4F7A52,0.7040472,0.99231297
PROJ_DG761_20260723_213011_KST_4665FDF3E5CF,PE_F3F5B79900839AE2CC0BC2FF,0.03905881,0.7461253
PROJ_DG761_20260723_213011_KST_4665FDF3E5CF,PE_F47D9F78A69B6E66EFC8557B,0.7087742,0.9889852
PROJ_DG761_20260723_213011_KST_4665FDF3E5CF,PE_F51845CA0CA783AC3FC5BC2E,0.27071565,0.5379305
PROJ_DG761_20260723_213011_KST_4665FDF3E5CF,PE_F5461CE8778E91FE85BE0008,0.052015062,0.4974951
PROJ_DG761_20260723_213011_KST_4665FDF3E5CF,PE_F54CC98D1F8DE976E1D46F4F,0.743861,0.15325938
PROJ_DG761_20260723_213011_KST_4665FDF3E5CF,PE_F556D9EB0C4616AAF745D5D5,0.55283517,0.5242149
PROJ_DG761_20260723_213011_KST_4665FDF3E5CF,PE_F5704D7BA93E28B2338756C6,0.10250271,0.6494907
PROJ_DG761_20260723_213011_KST_4665FDF3E5CF,PE_F6523A50B6FC30AC17B582FC,0.21174896,0.5513915
PROJ_DG761_20260723_213011_KST_4665FDF3E5CF,PE_F65B9F664A0114E48CB7A67C,0.062080737,0.58708423
PROJ_DG761_20260723_213011_KST_4665FDF3E5CF,PE_F6A645EC06307CDAAE66196F,0.2069014,0.68431324
PROJ_DG761_20260723_213011_KST_4665FDF3E5CF,PE_F6D23EFA9D522AF74E1A6D51,0.056216717,0.5001715
PROJ_DG761_20260723_213011_KST_4665FDF3E5CF,PE_F6D576528633420AF73F391F,0.49190596,0.40724176
PROJ_DG761_20260723_213011_KST_4665FDF3E5CF,PE_F80974CF5CE122D142884CAE,0.26231226,0.7030925
PROJ_DG761_20260723_213011_KST_4665FDF3E5CF,PE_F83F74C23CB29CD711351C8E,0.32170793,0.33605647
PROJ_DG761_20260723_213011_KST_4665FDF3E5CF,PE_F87B583AA4D228B37D3E76D4,0.533226,0.5548061
PROJ_DG761_20260723_213011_KST_4665FDF3E5CF,PE_F8CA64ADC0A1A77B126B596E,0.13392383,0.5664074
PROJ_DG761_20260723_213011_KST_4665FDF3E5CF,PE_F922075BBAD065BFA4B65E54,0.23014998,0.59915924
PROJ_DG761_20260723_213011_KST_4665FDF3E5CF,PE_F946EF2A803D06A7B8921382,0.29496932,0.66332686
PROJ_DG761_20260723_213011_KST_4665FDF3E5CF,PE_F982CE0AA427223E614FD8C0,0.44434094,0.51547253
PROJ_DG761_20260723_213011_KST_4665FDF3E5CF,PE_F9DE53E58D7192DF2C7F9BCB,0.59291226,0.4040087
PROJ_DG761_20260723_213011_KST_4665FDF3E5CF,PE_F9EB7ED83827ADC498B87F2E,0.1626492,0.70521426
PROJ_DG761_20260723_213011_KST_4665FDF3E5CF,PE_F9FDE2D5FE4AE2AE2C0CC6D9,0.7764453,0.17786726
PROJ_DG761_20260723_213011_KST_4665FDF3E5CF,PE_FA18C25A05836D4F9E07C041,0.7423061,0.5097062
PROJ_DG761_20260723_213011_KST_4665FDF3E5CF,PE_FA6971FEDE2F3FB0D6030304,0.27047315,0.61811686
PROJ_DG761_20260723_213011_KST_4665FDF3E5CF,PE_FA8D025355E5EC83FD942E98,0.74227804,0.5130938
PROJ_DG761_20260723_213011_KST_4665FDF3E5CF,PE_FA9732A499340F00E0EACBE4,0.07305096,0.67308486
PROJ_DG761_20260723_213011_KST_4665FDF3E5CF,PE_FB46C5CDAB3A3215673CA1FF,0.23575166,0.61048007
PROJ_DG761_20260723_213011_KST_4665FDF3E5CF,PE_FB564D91F835AB62141455B8,0.33128607,0.30537233
PROJ_DG761_20260723_213011_KST_4665FDF3E5CF,PE_FBA64806E6FA756C2015CCB1,0.5632451,0.20579384
PROJ_DG761_20260723_213011_KST_4665FDF3E5CF,PE_FBA74A4EDE9EE2494ED2F75A,0.6508287,0.42063516
PROJ_DG761_20260723_213011_KST_4665FDF3E5CF,PE_FC50DA64BB0AE994122AF779,0.05754954,0.6901203
PROJ_DG761_20260723_213011_KST_4665FDF3E5CF,PE_FC93EF8E48267FB71AF77635,0.09536039,0.64309114
PROJ_DG761_20260723_213011_KST_4665FDF3E5CF,PE_FC9839EB11FE7907C0AE9196,0.14027004,0.5222806
PROJ_DG761_20260723_213011_KST_4665FDF3E5CF,PE_FCC8357DDF3A0B405AA47C1B,0.02844331,0.630951
PROJ_DG761_20260723_213011_KST_4665FDF3E5CF,PE_FCDB329183A1E979E7355546,0.32628098,0.33281463
PROJ_DG761_20260723_213011_KST_4665FDF3E5CF,PE_FD027D4C6537278A15AA41C4,0.08917439,0.64164835
PROJ_DG761_20260723_213011_KST_4665FDF3E5CF,PE_FD07F4F763199CEB90AE2FB2,0.73129064,0.3089877
PROJ_DG761_20260723_213011_KST_4665FDF3E5CF,PE_FD1158E8D9A75ED549703D8F,0.14355947,0.63724846
PROJ_DG761_20260723_213011_KST_4665FDF3E5CF,PE_FD4A47E68DA18BA9724D26F6,0.62412745,0.43971682
PROJ_DG761_20260723_213011_KST_4665FDF3E5CF,PE_FD768D7487B1D9F0EB5F7789,0.71726394,0.99014205
PROJ_DG761_20260723_213011_KST_4665FDF3E5CF,PE_FE5A9A182CDBA9881547FB41,0.20991853,0.551999
PROJ_DG761_20260723_213011_KST_4665FDF3E5CF,PE_FE77D4C7D5546618A86BA945,0.7281988,0.31239933
PROJ_DG761_20260723_213011_KST_4665FDF3E5CF,PE_FECAFF2521635A803B5EFADD,0.06306754,0.83984023
PROJ_DG761_20260723_213011_KST_4665FDF3E5CF,PE_FF0A929E57E08F9E8FB1483A,0.727425,0.21425222
